codice_comune,sigla_provincia
A074,TO
A109,TO
A117,TO
A157,TO
A218,TO
A221,TO
A222,TO
A275,TO
A282,TO
A295,TO
A405,TO
A518,TO
A525,TO
A584,TO
A587,TO
A590,TO
A591,TO
A599,TO
A607,TO
A625,TO
A651,TO
A673,TO
A734,TO
A853,TO
A910,TO
A941,TO
A990,TO
B003,TO
B015,TO
B021,TO
B024,TO
B075,TO
B121,TO
B171,TO
B205,TO
B209,TO
B216,TO
B225,TO
B232,TO
B278,TO
B279,TO
B284,TO
B297,TO
B305,TO
B350,TO
B435,TO
B462,TO
B512,TO
B588,TO
B592,TO
B605,TO
B628,TO
B637,TO
B705,TO
B733,TO
B762,TO
B777,TO
B791,TO
B867,TO
B953,TO
B955,TO
B960,TO
C045,TO
C048,TO
C133,TO
C241,TO
C307,TO
C369,TO
C404,TO
C487,TO
C497,TO
C505,TO
C564,TO
C604,TO
C610,TO
C624,TO
C627,TO
C629,TO
C639,TO
C655,TO
C665,TO
C679,TO
C711,TO
C715,TO
C722,TO
C793,TO
C801,TO
C803,TO
C860,TO
C867,TO
C868,TO
C955,TO
D008,TO
D092,TO
D197,TO
D202,TO
D208,TO
D373,TO
D433,TO
D520,TO
D524,TO
D532,TO
D562,TO
D608,TO
D646,TO
D725,TO
D781,TO
D805,TO
D812,TO
D931,TO
D933,TO
D983,TO
E009,TO
E020,TO
E067,TO
E154,TO
E199,TO
E203,TO
E216,TO
E301,TO
E311,TO
E345,TO
E368,TO
E379,TO
E394,TO
E423,TO
E445,TO
E484,TO
E518,TO
E520,TO
E551,TO
E566,TO
E635,TO
E660,TO
E661,TO
E683,TO
E758,TO
E759,TO
E763,TO
E782,TO
E817,TO
E941,TO
F041,TO
F053,TO
F058,TO
F067,TO
F074,TO
F140,TO
F182,TO
F315,TO
F318,TO
F327,TO
F335,TO
D553,TO
F407,TO
F411,TO
F420,TO
F422,TO
F651,TO
F733,TO
F889,TO
F906,TO
F925,TO
F927,TO
F931,TO
F948,TO
G010,TO
G087,TO
G109,TO
G151,TO
G152,TO
G196,TO
G202,TO
G262,TO
G303,TO
G330,TO
G387,TO
G392,TO
G398,TO
G463,TO
G462,TO
G465,TO
G477,TO
G505,TO
G559,TO
G672,TO
G674,TO
G678,TO
G684,TO
G691,TO
G705,TO
G719,TO
G777,TO
G805,TO
G826,TO
G900,TO
G973,TO
G978,TO
G979,TO
G982,TO
G986,TO
G988,TO
G997,TO
H100,TO
H120,TO
H127,TO
H207,TO
H270,TO
H333,TO
H335,TO
H337,TO
H338,TO
H340,TO
H344,TO
H355,TO
H367,TO
H386,TO
H498,TO
H511,TO
H539,TO
H547,TO
H554,TO
H555,TO
H583,TO
H627,TO
H631,TO
H691,TO
H684,TO
H702,TO
H734,TO
H753,TO
H775,TO
H789,TO
H804,TO
H820,TO
H847,TO
H855,TO
H862,TO
H873,TO
H890,TO
H900,TO
H936,TO
H997,TO
I024,TO
I030,TO
I090,TO
I126,TO
I137,TO
I152,TO
I154,TO
I258,TO
I296,TO
I327,TO
I465,TO
I466,TO
I490,TO
I511,TO
I539,TO
I692,TO
I701,TO
I703,TO
I702,TO
I886,TO
I969,TO
I970,TO
L013,TO
L066,TO
L219,TO
L238,TO
L247,TO
L277,TO
L327,TO
L345,TO
L340,TO
L445,TO
L515,TO
L516,TO
L538,TO
L555,TO
L578,TO
L629,TO
L644,TO
B510,TO
L685,TO
L698,TO
L726,TO
L727,TO
L779,TO
L787,TO
L811,TO
L830,TO
L857,TO
L898,TO
L948,TO
L982,TO
M002,TO
L999,TO
M004,TO
M007,TO
M013,TO
M014,TO
M027,TO
M060,TO
M069,TO
M071,TO
M080,TO
M094,TO
M122,TO
M133,TO
M316,TO
M405,TO
M415,TO
A119,VC
A130,VC
A198,VC
A358,VC
A466,VC
A600,VC
A601,VC
A847,VC
A914,VC
B009,VC
B041,VC
B046,VC
B280,VC
B505,VC
B752,VC
B767,VC
B768,VC
B782,VC
B928,VC
B952,VC
C548,VC
C680,VC
C757,VC
C884,VC
D113,VC
D132,VC
D154,VC
D187,VC
D281,VC
D641,VC
D676,VC
D712,VC
D938,VC
E007,VC
E163,VC
E237,VC
E433,VC
E528,VC
E583,VC
E626,VC
E711,VC
F297,VC
F342,VC
F774,VC
G016,VC
G018,VC
G266,VC
G471,VC
G528,VC
G666,VC
G685,VC
G940,VC
G985,VC
H108,VC
H132,VC
H188,VC
H293,VC
H346,VC
H365,VC
H549,VC
H577,VC
H364,VC
H690,VC
H707,VC
H725,VC
H861,VC
I337,VC
I544,VC
I545,VC
I663,VC
I984,VC
L420,VC
L429,VC
L451,VC
L566,VC
L669,VC
L750,VC
M003,VC
M028,VC
M106,VC
M389,VC
M398,VC
A088,NO
A264,NO
A414,NO
A429,NO
A653,NO
A752,NO
A844,NO
A911,NO
A929,NO
A953,NO
B016,NO
B019,NO
B043,NO
B176,NO
B183,NO
B431,NO
B473,NO
B823,NO
B864,NO
B883,NO
B897,NO
B920,NO
C149,NO
C166,NO
C364,NO
C365,NO
C378,NO
C483,NO
C829,NO
C926,NO
D162,NO
D216,NO
D309,NO
D347,NO
D492,NO
D675,NO
D872,NO
D911,NO
D921,NO
E001,NO
E120,NO
E143,NO
E177,NO
E314,NO
E436,NO
E544,NO
E803,NO
E880,NO
E907,NO
F047,NO
F093,NO
F188,NO
F191,NO
F317,NO
F859,NO
F886,NO
F952,NO
G019,NO
G020,NO
G134,NO
G349,NO
G421,NO
G520,NO
G703,NO
G775,NO
G809,NO
H001,NO
H213,NO
H502,NO
H518,NO
I025,NO
I052,NO
I116,NO
I736,NO
I767,NO
I857,NO
I880,NO
L007,NO
L104,NO
L223,NO
L356,NO
L668,NO
L670,NO
L808,NO
L847,NO
M062,NO
M416,NO
A016,CN
A113,CN
A124,CN
A139,CN
A238,CN
A394,CN
A396,CN
A555,CN
A571,CN
A589,CN
A629,CN
A660,CN
A671,CN
A709,CN
A716,CN
A735,CN
A750,CN
A774,CN
A779,CN
A782,CN
A798,CN
A805,CN
A979,CN
B018,CN
B033,CN
B079,CN
B084,CN
B101,CN
B111,CN
B167,CN
B175,CN
B200,CN
B204,CN
B285,CN
B467,CN
B573,CN
B621,CN
B692,CN
B719,CN
B720,CN
B755,CN
B841,CN
B845,CN
B894,CN
C046,CN
C081,CN
C165,CN
C167,CN
C173,CN
C176,CN
C205,CN
C214,CN
C314,CN
C317,CN
C323,CN
C375,CN
C376,CN
C441,CN
C466,CN
C504,CN
C530,CN
C547,CN
C550,CN
C589,CN
C599,CN
C653,CN
C681,CN
C738,CN
C792,CN
D022,CN
D062,CN
D093,CN
D120,CN
D133,CN
D172,CN
D205,CN
D271,CN
D291,CN
D314,CN
D372,CN
D401,CN
D410,CN
D412,CN
D499,CN
D511,CN
D523,CN
D742,CN
D751,CN
D752,CN
D782,CN
D856,CN
D894,CN
D920,CN
D967,CN
E111,CN
E115,CN
E118,CN
E182,CN
E251,CN
E282,CN
E327,CN
E406,CN
E430,CN
E540,CN
E539,CN
E546,CN
E564,CN
E597,CN
E615,CN
E789,CN
E809,CN
E808,CN
E887,CN
E894,CN
E939,CN
E945,CN
E963,CN
E973,CN
E988,CN
F114,CN
F279,CN
F309,CN
F312,CN
F326,CN
F329,CN
F330,CN
F338,CN
F351,CN
F355,CN
F358,CN
F385,CN
F405,CN
F408,CN
F424,CN
F550,CN
F558,CN
F608,CN
F654,CN
F666,CN
F669,CN
F723,CN
F743,CN
F809,CN
F811,CN
F846,CN
F863,CN
F883,CN
F894,CN
F895,CN
F961,CN
F972,CN
G066,CN
G114,CN
G183,CN
G228,CN
G240,CN
G302,CN
G339,CN
G457,CN
G458,CN
G526,CN
G532,CN
G561,CN
G575,CN
G625,CN
G683,CN
G697,CN
G742,CN
G800,CN
G837,CN
G970,CN
H011,CN
H059,CN
H068,CN
H069,CN
H085,CN
H150,CN
H247,CN
H285,CN
H326,CN
H362,CN
H363,CN
H377,CN
H378,CN
H385,CN
H391,CN
H395,CN
H407,CN
H447,CN
H453,CN
H462,CN
H472,CN
H473,CN
H474,CN
H578,CN
H633,CN
H695,CN
H704,CN
H710,CN
H716,CN
H727,CN
H746,CN
H755,CN
H770,CN
H812,CN
H851,CN
H852,CN
I037,CN
I210,CN
I316,CN
I367,CN
I372,CN
I470,CN
I484,CN
I512,CN
I646,CN
I659,CN
I750,CN
I817,CN
I822,CN
I823,CN
I985,CN
L048,CN
L252,CN
L241,CN
L278,CN
L281,CN
L367,CN
L410,CN
L427,CN
L558,CN
L580,CN
L631,CN
L729,CN
L758,CN
L771,CN
L804,CN
L817,CN
L841,CN
L888,CN
L942,CN
L974,CN
L990,CN
M015,CN
M055,CN
M063,CN
M136,CN
A072,AT
A173,AT
A312,AT
A352,AT
A479,AT
A527,AT
A588,AT
A770,AT
A812,AT
B221,AT
B236,AT
B306,AT
B376,AT
B418,AT
B425,AT
B469,AT
B594,AT
B633,AT
B707,AT
B991,AT
C022,AT
C049,AT
C047,AT
C064,AT
C127,AT
C154,AT
C161,AT
A300,AT
C226,AT
C230,AT
C232,AT
C253,AT
C438,AT
C440,AT
C528,AT
C533,AT
C583,AT
C658,AT
C701,AT
C739,AT
C804,AT
C807,AT
D046,AT
D050,AT
D051,AT
D052,AT
D072,AT
D101,AT
D119,AT
D207,AT
D388,AT
D554,AT
D678,AT
D802,AT
E134,AT
E159,AT
E295,AT
E338,AT
E633,AT
E917,AT
E944,AT
F254,AT
F308,AT
F311,AT
F316,AT
F323,AT
F325,AT
F336,AT
F343,AT
F361,AT
F386,AT
F390,AT
F409,AT
F468,AT
F527,AT
F556,AT
F902,AT
G048,AT
G358,AT
G430,AT
G593,AT
G676,AT
G692,AT
G894,AT
H102,AT
H219,AT
H250,AT
H366,AT
H376,AT
H392,AT
H451,AT
H466,AT
H468,AT
H811,AT
H899,AT
H987,AT
I017,AT
I076,AT
I555,AT
I637,AT
I678,AT
I698,AT
I781,AT
L168,AT
L203,AT
L531,AT
L574,AT
L807,AT
L829,AT
L834,AT
L879,AT
L945,AT
L984,AT
M019,AT
M058,AT
M302,AT
M434,AT
A052,AL
A146,AL
A182,AL
A189,AL
A197,AL
A227,AL
A245,AL
A436,AL
A523,AL
A605,AL
A689,AL
A708,AL
A738,AL
A793,AL
A813,AL
A889,AL
A998,AL
B029,AL
B037,AL
B071,AL
B080,AL
B109,AL
B179,AL
B311,AL
B453,AL
B482,AL
B629,AL
B701,AL
B736,AL
B765,AL
B769,AL
B818,AL
B836,AL
B840,AL
B847,AL
B870,AL
B882,AL
B885,AL
B902,AL
B941,AL
C027,AL
C030,AL
C137,AL
C142,AL
C148,AL
C156,AL
C158,AL
C160,AL
C162,AL
C229,AL
C243,AL
C274,AL
C387,AL
C432,AL
C503,AL
C507,AL
C531,AL
C962,AL
C977,AL
D102,AL
D149,AL
D272,AL
D277,AL
D447,AL
D528,AL
D559,AL
D759,AL
D770,AL
D777,AL
D780,AL
D797,AL
D813,AL
D814,AL
D835,AL
D890,AL
D910,AL
D944,AL
E015,AL
E164,AL
E188,AL
E191,AL
E255,AL
E360,AL
E543,AL
E870,AL
F015,AL
F096,AL
F131,AL
F232,AL
F281,AL
F293,AL
F313,AL
F320,AL
F337,AL
F365,AL
F374,AL
F387,AL
F403,AL
F404,AL
F455,AL
F469,AL
F518,AL
F562,AL
F707,AL
F713,AL
F737,AL
F751,AL
F814,AL
F965,AL
F995,AL
F997,AL
F998,AL
G042,AL
G124,AL
G193,AL
G197,AL
G199,AL
G204,AL
G215,AL
G334,AL
G338,AL
G367,AL
G397,AL
G619,AL
G807,AL
G839,AL
G858,AL
G861,AL
G872,AL
G877,AL
G960,AL
G961,AL
G987,AL
H021,AL
H104,AL
H121,AL
H272,AL
H334,AL
H343,AL
H406,AL
H414,AL
H465,AL
H569,AL
H677,AL
H694,AL
H810,AL
H878,AL
I144,AL
I150,AL
I190,AL
I429,AL
I432,AL
I645,AL
I657,AL
I711,AL
I738,AL
I798,AL
I808,AL
I901,AL
I911,AL
I941,AL
I977,AL
L027,AL
L059,AL
L139,AL
L143,AL
L165,AL
L304,AL
L403,AL
L432,AL
L570,AL
L633,AL
L881,AL
L887,AL
L904,AL
L931,AL
L963,AL
L970,AL
L972,AL
M009,AL
M077,AL
M120,AL
M121,AL
M123,AL
M388,AL
M397,AL
M420,AL
A205,AO
A305,AO
A326,AO
A424,AO
A452,AO
A521,AO
A094,AO
A108,AO
A643,AO
A877,AO
B192,AO
B230,AO
C593,AO
C594,AO
C595,AO
B491,AO
C596,AO
B540,AO
C598,AO
C294,AO
C821,AO
D012,AO
D338,AO
D356,AO
D402,AO
D444,AO
D537,AO
D666,AO
D839,AO
E029,AO
E165,AO
E167,AO
E168,AO
E273,AO
E306,AO
E369,AO
E371,AO
E391,AO
A308,AO
E458,AO
E470,AO
E587,AO
F367,AO
F726,AO
F987,AO
G045,AO
G012,AO
G459,AO
G794,AO
G545,AO
G860,AO
G854,AO
H042,AO
H110,AO
H262,AO
H263,AO
H497,AO
H669,AO
H670,AO
H671,AO
H672,AO
H673,AO
H674,AO
H675,AO
H676,AO
I442,AO
L217,AO
L582,AO
L643,AO
L647,AO
L654,AO
L783,AO
C282,AO
L981,AO
A111,IM
A338,IM
A344,IM
A418,IM
A499,IM
A536,IM
A581,IM
A984,IM
A993,IM
B020,IM
B559,IM
B734,IM
C143,IM
C110,IM
C511,IM
C559,IM
C578,IM
C657,IM
C660,IM
C718,IM
C755,IM
D087,IM
D114,IM
D293,IM
D296,IM
D297,IM
D298,IM
D318,IM
D319,IM
E290,IM
E346,IM
E719,IM
F123,IM
F290,IM
F528,IM
G041,IM
G164,IM
G454,IM
G607,IM
G632,IM
G660,IM
G814,IM
G840,IM
G890,IM
H027,IM
H180,IM
H257,IM
H328,IM
H460,IM
H763,IM
H780,IM
H957,IM
I138,IM
I365,IM
I556,IM
I796,IM
L024,IM
L146,IM
L430,IM
L596,IM
L599,IM
L693,IM
L741,IM
L809,IM
L943,IM
M387,IM
A122,SV
A145,SV
A165,SV
A166,SV
A226,SV
A278,SV
A422,SV
A593,SV
A647,SV
A796,SV
A931,SV
A999,SV
B005,SV
B048,SV
B369,SV
B409,SV
B416,SV
B748,SV
B927,SV
C063,SV
C276,SV
C443,SV
C463,SV
C510,SV
C729,SV
D095,SV
D264,SV
D424,SV
D600,SV
D927,SV
E064,SV
E066,SV
E414,SV
E632,SV
E816,SV
E860,SV
F046,SV
F213,SV
F226,SV
F813,SV
F847,SV
F926,SV
G076,SV
D522,SV
G144,SV
G155,SV
G281,SV
G542,SV
G605,SV
G741,SV
G866,SV
H126,SV
H266,SV
H452,SV
I453,SV
I480,SV
I926,SV
I946,SV
I947,SV
L152,SV
L190,SV
L315,SV
L499,SV
L528,SV
L675,SV
L730,SV
L823,SV
L975,SV
M197,SV
A388,GE
A506,GE
A658,GE
A922,GE
B067,GE
B282,GE
B490,GE
B538,GE
B551,GE
B726,GE
B939,GE
B956,GE
C302,GE
C481,GE
C621,GE
C673,GE
C823,GE
C826,GE
C995,GE
D175,GE
D255,GE
D509,GE
D512,GE
D677,GE
D969,GE
E109,GE
E341,GE
E488,GE
E519,GE
E695,GE
E737,GE
F020,GE
F098,GE
F173,GE
F202,GE
F256,GE
F354,GE
F445,GE
F682,GE
F858,GE
F862,GE
G093,GE
G646,GE
G913,GE
H073,GE
H183,GE
H212,GE
H258,GE
H536,GE
H546,GE
H581,GE
H599,GE
H802,GE
I225,GE
I346,GE
I368,GE
I475,GE
I640,GE
I693,GE
I852,GE
L167,GE
L298,GE
L416,GE
L507,GE
L546,GE
M105,GE
M182,GE
A261,SP
A373,SP
A836,SP
A932,SP
A961,SP
A992,SP
B214,SP
B410,SP
B838,SP
B839,SP
C240,SP
D265,SP
D655,SP
D758,SP
E463,SP
E542,SP
E560,SP
E842,SP
F609,SP
G143,SP
G664,SP
G925,SP
H275,SP
H304,SP
H461,SP
I363,SP
I449,SP
E070,SP
L681,SP
L774,SP
L819,SP
M177,SP
A085,VA
A167,VA
A290,VA
A371,VA
A441,VA
A531,VA
A532,VA
A619,VA
A728,VA
A819,VA
A825,VA
A826,VA
A845,VA
A891,VA
A918,VA
B126,VA
B150,VA
B166,VA
B182,VA
B191,VA
B219,VA
B228,VA
B258,VA
B300,VA
B326,VA
B368,VA
B634,VA
B732,VA
B754,VA
B796,VA
B805,VA
B807,VA
B875,VA
B921,VA
B949,VA
B987,VA
C004,VA
B999,VA
C139,VA
B312,VA
C273,VA
C181,VA
C300,VA
C343,VA
C382,VA
C409,VA
C732,VA
C751,VA
C796,VA
C810,VA
C911,VA
C922,VA
D144,VA
D185,VA
D192,VA
D199,VA
D204,VA
D217,VA
D238,VA
D239,VA
D256,VA
D384,VA
D385,VA
D467,VA
D543,VA
D551,VA
D869,VA
D871,VA
D946,VA
D951,VA
D963,VA
D981,VA
D987,VA
E079,VA
E101,VA
E102,VA
E104,VA
E144,VA
E292,VA
E299,VA
E367,VA
E386,VA
E494,VA
E496,VA
E510,VA
E665,VA
E666,VA
E707,VA
E734,VA
E769,VA
E863,VA
E929,VA
E965,VA
F002,VA
F007,VA
F134,VA
F154,VA
F526,VA
F703,VA
F711,VA
F736,VA
G008,VA
G028,VA
G103,VA
G105,VA
G906,VA
G907,VA
H173,VA
H174,VA
H723,VA
H736,VA
I441,VA
I688,VA
I793,VA
I794,VA
I819,VA
L003,VA
L032,VA
L115,VA
L319,VA
L342,VA
A705,VA
L480,VA
L577,VA
L671,VA
L682,VA
L703,VA
L733,VA
L734,VA
L765,VA
L876,VA
M101,VA
H872,VA
M339,VA
M425,VA
M433,VA
A143,CO
A153,CO
A164,CO
A224,CO
A249,CO
A319,CO
A333,CO
A391,CO
A430,CO
A476,CO
A670,CO
A778,CO
A791,CO
A870,CO
A898,CO
A904,CO
A905,CO
B134,CO
B144,CO
B172,CO
B218,CO
B262,CO
B313,CO
B346,CO
B355,CO
B513,CO
B639,CO
B641,CO
B653,CO
B730,CO
B742,CO
B778,CO
B785,CO
B851,CO
B974,CO
B977,CO
C020,CO
C206,CO
C220,CO
C381,CO
C482,CO
C516,CO
C520,CO
C724,CO
C787,CO
C902,CO
C933,CO
D041,CO
D147,CO
D196,CO
D232,CO
D310,CO
D329,CO
D341,CO
D355,CO
D416,CO
D445,CO
D462,CO
D482,CO
D531,CO
D579,CO
D605,CO
D930,CO
D974,CO
E139,CO
E141,CO
E172,CO
E235,CO
E309,CO
E405,CO
E416,CO
E428,CO
E462,CO
E569,CO
E593,CO
E607,CO
E623,CO
E638,CO
E659,CO
E679,CO
E735,CO
E749,CO
E750,CO
E753,CO
E830,CO
E951,CO
F017,CO
F120,CO
F151,CO
F305,CO
F372,CO
F427,CO
F564,CO
F688,CO
F788,CO
F828,CO
F877,CO
F958,CO
G025,CO
G056,CO
G126,CO
G415,CO
G556,CO
G665,CO
G737,CO
G773,CO
G821,CO
G847,CO
G889,CO
H074,CO
H094,CO
H255,CO
H478,CO
H601,CO
H602,CO
H679,CO
H760,CO
H840,CO
I051,CO
I529,CO
I611,CO
I856,CO
I860,CO
I943,CO
L071,CO
L228,CO
L413,CO
L470,CO
L547,CO
L640,CO
H259,CO
C936,CO
L715,CO
L737,CO
L748,CO
L792,CO
L956,CO
M156,CO
I162,CO
M315,CO
M335,CO
M336,CO
M341,CO
M383,CO
M394,CO
M412,CO
M435,CO
A135,SO
A172,SO
A273,SO
A337,SO
A382,SO
A777,SO
A787,SO
A848,SO
B049,SO
B255,SO
B366,SO
B530,SO
B993,SO
C186,SO
C325,SO
C418,SO
C493,SO
C623,SO
C628,SO
C651,SO
C709,SO
C785,SO
C903,SO
D088,SO
D258,SO
D266,SO
D377,SO
D456,SO
D694,SO
D830,SO
D990,SO
E090,SO
E200,SO
E201,SO
E342,SO
E443,SO
E621,SO
E705,SO
E896,SO
F070,SO
F115,SO
F153,SO
F393,SO
F712,SO
F956,SO
G410,SO
G572,SO
G576,SO
G718,SO
G431,SO
G829,SO
G937,SO
G993,SO
H192,SO
H493,SO
H752,SO
H868,SO
I636,SO
I828,SO
I829,SO
I928,SO
L035,SO
L056,SO
L084,SO
L175,SO
L244,SO
L316,SO
L330,SO
L392,SO
L557,SO
L563,SO
L576,SO
L638,SO
L749,SO
L799,SO
L907,SO
L908,SO
A010,MI
A127,MI
A375,MI
A389,MI
A413,MI
A473,MI
A652,MI
A697,MI
A699,MI
A751,MI
A804,MI
A820,MI
A872,MI
A920,MI
A940,MI
B162,MI
B235,MI
B240,MI
B286,MI
B292,MI
B301,MI
B448,MI
B461,MI
B593,MI
B820,MI
B850,MI
B938,MI
B989,MI
C003,MI
C014,MI
C033,MI
C052,MI
C523,MI
C536,MI
C537,MI
C565,MI
C569,MI
C707,MI
C733,MI
C895,MI
C908,MI
C986,MI
D013,MI
D018,MI
D045,MI
D198,MI
D229,MI
D231,MI
D244,MI
D367,MI
D845,MI
D912,MI
D995,MI
E094,MI
E170,MI
E258,MI
E313,MI
E317,MI
E395,MI
E415,MI
E514,MI
E610,MI
E639,MI
E801,MI
E819,MI
E921,MI
F003,MI
F084,MI
F100,MI
F119,MI
F155,MI
F205,MI
D033,MI
F783,MI
F874,MI
F939,MI
F955,MI
F968,MI
G078,MI
G181,MI
G206,MI
G220,MI
G316,MI
G324,MI
G385,MI
C013,MI
G488,MI
G502,MI
G634,MI
G686,MI
G772,MI
G955,MI
G965,MI
H026,MI
H240,MI
H264,MI
H371,MI
H373,MI
H470,MI
H560,MI
H623,MI
H803,MI
H827,MI
H884,MI
H930,MI
I361,MI
I409,MI
I415,MI
I566,MI
I577,MI
I602,MI
I690,MI
I696,MI
I700,MI
I786,MI
L408,MI
L409,MI
L411,MI
L415,MI
L454,MI
L471,MI
L665,MI
L667,MI
L773,MI
L883,MI
M053,MI
M091,MI
M102,MI
M176,MI
L928,MI
L664,MI
A618,MI
M424,MI
A057,BG
A058,BG
A129,BG
A163,BG
A214,BG
A216,BG
A217,BG
A246,BG
A259,BG
A304,BG
A365,BG
A383,BG
A440,BG
A511,BG
A517,BG
A528,BG
A533,BG
A557,BG
A631,BG
A664,BG
A684,BG
A732,BG
A786,BG
A794,BG
A815,BG
A846,BG
A903,BG
A937,BG
A950,BG
A963,BG
A962,BG
B010,BG
B083,BG
B088,BG
B112,BG
B123,BG
B137,BG
B138,BG
B178,BG
B217,BG
B223,BG
B393,BG
B395,BG
B434,BG
B442,BG
B471,BG
B618,BG
B661,BG
B703,BG
B710,BG
B731,BG
B801,BG
B803,BG
B854,BG
B947,BG
B971,BG
B978,BG
C007,BG
C079,BG
C255,BG
C324,BG
C337,BG
C396,BG
C410,BG
C456,BG
C457,BG
C459,BG
C506,BG
C635,BG
C649,BG
C728,BG
C730,BG
C759,BG
C800,BG
C835,BG
C894,BG
C910,BG
C937,BG
D015,BG
D066,BG
D110,BG
D103,BG
D117,BG
D126,BG
D139,BG
D221,BG
D233,BG
D245,BG
D352,BG
D406,BG
D411,BG
D490,BG
D491,BG
D588,BG
D604,BG
D606,BG
D672,BG
D684,BG
D688,BG
D697,BG
D727,BG
D817,BG
D903,BG
D905,BG
D906,BG
D943,BG
D952,BG
E006,BG
E100,BG
E103,BG
E106,BG
E148,BG
E189,BG
E192,BG
E219,BG
E353,BG
E370,BG
E422,BG
E509,BG
E524,BG
E562,BG
E640,BG
E704,BG
E751,BG
E770,BG
E794,BG
E901,BG
E987,BG
F186,BG
F243,BG
F276,BG
F328,BG
F547,BG
F720,BG
F738,BG
F786,BG
F791,BG
F864,BG
G049,BG
G050,BG
G054,BG
G068,BG
G075,BG
G108,BG
G118,BG
G159,BG
G160,BG
G233,BG
G249,BG
G259,BG
G295,BG
G346,BG
G350,BG
G412,BG
G418,BG
G564,BG
G574,BG
G579,BG
G583,BG
G588,BG
G774,BG
F941,BG
G853,BG
G856,BG
G864,BG
G867,BG
G968,BG
H020,BG
H036,BG
H046,BG
H091,BG
H176,BG
H177,BG
H331,BG
H492,BG
H509,BG
H535,BG
H544,BG
H584,BG
H615,BG
H910,BG
B310,BG
I079,BG
I168,BG
I437,BG
I506,BG
I530,BG
I567,BG
I597,BG
I628,BG
I629,BG
I812,BG
I830,BG
I858,BG
I869,BG
I873,BG
I916,BG
I919,BG
I951,BG
I986,BG
I997,BG
L037,BG
L073,BG
L087,BG
L118,BG
L251,BG
L257,BG
L265,BG
L276,BG
L388,BG
L400,BG
L404,BG
C789,BG
L502,BG
L544,BG
L545,BG
L579,BG
L623,BG
L642,BG
L655,BG
L707,BG
L752,BG
L753,BG
L795,BG
L827,BG
L865,BG
L894,BG
L929,BG
A215,BG
L936,BG
L938,BG
M045,BG
M050,BG
M144,BG
M147,BG
M184,BG
D111,BG
A193,BG
D016,BG
F085,BG
I813,BG
M333,BG
M334,BG
A034,BS
A060,BS
A082,BS
A188,BS
A288,BS
A293,BS
A451,BS
A529,BS
A569,BS
A578,BS
A630,BS
A661,BS
A702,BS
A729,BS
A799,BS
A816,BS
A817,BS
A861,BS
A878,BS
B035,BS
B040,BS
B054,BS
B091,BS
B100,BS
B102,BS
B120,BS
B124,BS
B149,BS
B157,BS
B184,BS
B365,BS
B394,BS
B436,BS
B450,BS
B664,BS
B676,BS
B698,BS
B711,BS
B817,BS
C055,BS
C072,BS
C208,BS
C293,BS
C330,BS
C332,BS
C408,BS
C417,BS
C439,BS
C549,BS
C585,BS
C591,BS
C618,BS
C685,BS
C691,BS
C760,BS
C806,BS
C850,BS
C883,BS
C893,BS
C925,BS
C948,BS
D058,BS
D064,BS
D082,BS
D251,BS
D270,BS
D284,BS
D391,BS
D421,BS
D434,BS
D576,BS
D634,BS
D891,BS
D917,BS
D918,BS
D924,BS
D940,BS
D999,BS
E010,BS
E116,BS
E271,BS
E280,BS
E297,BS
E325,BS
E333,BS
E364,BS
E497,BS
E526,BS
E596,BS
E652,BS
E654,BS
M312,BS
E673,BS
E698,BS
E706,BS
E738,BS
E787,BS
E800,BS
E841,BS
E851,BS
E865,BS
E883,BS
E884,BS
E928,BS
E961,BS
E967,BS
F063,BS
F216,BS
F373,BS
F375,BS
F532,BS
F672,BS
F471,BS
F680,BS
F806,BS
F820,BS
F851,BS
F884,BS
F989,BS
F990,BS
G001,BS
G006,BS
G061,BS
G074,BS
G149,BS
G150,BS
G170,BS
G179,BS
G213,BS
G217,BS
G247,BS
G248,BS
G264,BS
G327,BS
G354,BS
G361,BS
G391,BS
G407,BS
G474,BS
G475,BS
G529,BS
G546,BS
G710,BS
G779,BS
G801,BS
G815,BS
G818,BS
G844,BS
G859,BS
G869,BS
G959,BS
G977,BS
H043,BS
H055,BS
H078,BS
H077,BS
H086,BS
H140,BS
H230,BS
H256,BS
H410,BS
H477,BS
H484,BS
H525,BS
H598,BS
H630,BS
H650,BS
H699,BS
H717,BS
H838,BS
H865,BS
I412,BS
I433,BS
I476,BS
I588,BS
I607,BS
I631,BS
I633,BS
I782,BS
I831,BS
L002,BS
C698,BS
L094,BS
L169,BS
L210,BS
L312,BS
L339,BS
L372,BS
L380,BS
L406,BS
L494,BS
L626,BS
L468,BS
L777,BS
L778,BS
L812,BS
L816,BS
L919,BS
L923,BS
L995,BS
M065,BS
M070,BS
M104,BS
M188,BS
G549,BS
A118,PV
A171,PV
A175,PV
A387,PV
A538,PV
A550,PV
A634,PV
A690,PV
A712,PV
A718,PV
A741,PV
A792,PV
A989,PV
B028,PV
B030,PV
B038,PV
B051,PV
B082,PV
B117,PV
B142,PV
B159,PV
B201,PV
B447,PV
B567,PV
B587,PV
B613,PV
B741,PV
B929,PV
B945,PV
B954,PV
B988,PV
C038,PV
C050,PV
C053,PV
C157,PV
C184,PV
C213,PV
C360,PV
C414,PV
C484,PV
C508,PV
C509,PV
C541,PV
C551,PV
C637,PV
C684,PV
C686,PV
C813,PV
C958,PV
C979,PV
C982,PV
D081,PV
D109,PV
D127,PV
B824,PV
D348,PV
D552,PV
D594,PV
D732,PV
D771,PV
D873,PV
D892,PV
D901,PV
D925,PV
D980,PV
E062,PV
E072,PV
E081,PV
E152,PV
E195,PV
E310,PV
E437,PV
E439,PV
E454,PV
E600,PV
E608,PV
E662,PV
B387,PV
E804,PV
E934,PV
E999,PV
F080,PV
F122,PV
F170,PV
F171,PV
F175,PV
F238,PV
F417,PV
F440,PV
F449,PV
F638,PV
F644,PV
F670,PV
F701,PV
F739,PV
F754,PV
F891,PV
G021,PV
G032,PV
G194,PV
G275,PV
G304,PV
G342,PV
G388,PV
G612,PV
G635,PV
G639,PV
G650,PV
G671,PV
G720,PV
G851,PV
G895,PV
H204,PV
H216,PV
H246,PV
H336,PV
H369,PV
H375,PV
H396,PV
H450,PV
H491,PV
H505,PV
H527,PV
H559,PV
H614,PV
H799,PV
H814,PV
H859,PV
H885,PV
I014,PV
I048,PV
I175,PV
I203,PV
I213,PV
I230,PV
I237,PV
I276,PV
I416,PV
I447,PV
I487,PV
I599,PV
I739,PV
E265,PV
I825,PV
I894,PV
I968,PV
B014,PV
L237,PV
L250,PV
L256,PV
L262,PV
L269,PV
L285,PV
L292,PV
I236,PV
L440,PV
L449,PV
L453,PV
L562,PV
L568,PV
L593,PV
L617,PV
L690,PV
L716,PV
L720,PV
L784,PV
L788,PV
L854,PV
L872,PV
L917,PV
L983,PV
L994,PV
M079,PV
M109,PV
M119,PV
M150,PV
M152,PV
M161,PV
M162,PV
M166,PV
M167,PV
M180,PV
M338,PV
M372,PV
M419,PV
A039,CR
A076,CR
A299,CR
A526,CR
A570,CR
A972,CR
A986,CR
B439,CR
B484,CR
B498,CR
B650,CR
B679,CR
B680,CR
B686,CR
B869,CR
B881,CR
B889,CR
B890,CR
B891,CR
B898,CR
B900,CR
C089,CR
C115,CR
C153,CR
B129,CR
C290,CR
C435,CR
C634,CR
C678,CR
C703,CR
D056,CR
D057,CR
D141,CR
D142,CR
D150,CR
D151,CR
D186,CR
D203,CR
D278,CR
D358,CR
D574,CR
D710,CR
D834,CR
D841,CR
D966,CR
D993,CR
E082,CR
E193,CR
E217,CR
E272,CR
E356,CR
E380,CR
E793,CR
E843,CR
E983,CR
F434,CR
F681,CR
F761,CR
F771,CR
G004,CR
G047,CR
G185,CR
G222,CR
G260,CR
G306,CR
G469,CR
G483,CR
G504,CR
G558,CR
G603,CR
G647,CR
G651,CR
G721,CR
B914,CR
H130,CR
H276,CR
H314,CR
H315,CR
H316,CR
H341,CR
H357,CR
H372,CR
H508,CR
H731,CR
H767,CR
H815,CR
H918,CR
I007,CR
I497,CR
I498,CR
I627,CR
I683,CR
I790,CR
I827,CR
I849,CR
I865,CR
I906,CR
I909,CR
I914,CR
I935,CR
L164,CR
L221,CR
L225,CR
L258,CR
L296,CR
L389,CR
L426,CR
L535,CR
L539,CR
L806,CR
M116,CR
M127,CR
M418,CR
A038,MN
A470,MN
A575,MN
B110,MN
B612,MN
B901,MN
B907,MN
B911,MN
C059,MN
C076,MN
C118,MN
C195,MN
C312,MN
C406,MN
C502,MN
C930,MN
D227,MN
D351,MN
D949,MN
D959,MN
E078,MN
E089,MN
E261,MN
E818,MN
E897,MN
E922,MN
E949,MN
E962,MN
F086,MN
F267,MN
F705,MN
B012,MN
G186,MN
G417,MN
G717,MN
G753,MN
G816,MN
G862,MN
G917,MN
H129,MN
H143,MN
H218,MN
H342,MN
H481,MN
H541,MN
H604,MN
H652,MN
H771,MN
H870,MN
H883,MN
H912,MN
I005,MN
I532,MN
I632,MN
I662,MN
I801,MN
L015,MN
L020,MN
L826,MN
M044,MN
M125,MN
M340,MN
M396,MN
M406,MN
A179,BZ
A286,BZ
A306,BZ
A332,BZ
A507,BZ
A537,BZ
A635,BZ
A952,BZ
B116,BZ
B145,BZ
B160,BZ
B203,BZ
B220,BZ
B364,BZ
B397,BZ
B529,BZ
B570,BZ
C062,BZ
C254,BZ
A022,BZ
C625,BZ
C652,BZ
B799,BZ
D048,BZ
D075,BZ
D079,BZ
D222,BZ
D311,BZ
D392,BZ
D484,BZ
D571,BZ
D731,BZ
D821,BZ
D860,BZ
D923,BZ
E069,BZ
E398,BZ
E412,BZ
E420,BZ
E421,BZ
E434,BZ
E457,BZ
E481,BZ
E764,BZ
E829,BZ
E862,BZ
E938,BZ
E959,BZ
E981,BZ
F118,BZ
F132,BZ
F371,BZ
F392,BZ
F766,BZ
F836,BZ
F849,BZ
F856,BZ
F949,BZ
F950,BZ
G083,BZ
G140,BZ
G328,BZ
G443,BZ
G299,BZ
G830,BZ
G936,BZ
H004,BZ
H019,BZ
H081,BZ
H152,BZ
H189,BZ
H236,BZ
H284,BZ
H299,BZ
H475,BZ
H719,BZ
H786,BZ
H858,BZ
H952,BZ
H956,BZ
H988,BZ
H989,BZ
I065,BZ
I173,BZ
I431,BZ
I519,BZ
I593,BZ
I591,BZ
I604,BZ
I687,BZ
I729,BZ
I771,BZ
I948,BZ
L106,BZ
L108,BZ
L111,BZ
L149,BZ
L176,BZ
L178,BZ
L444,BZ
L455,BZ
L490,BZ
L527,BZ
L552,BZ
L564,BZ
L595,BZ
L601,BZ
L660,BZ
L687,BZ
L745,BZ
L915,BZ
L971,BZ
M067,BZ
L724,BZ
E491,BZ
I603,BZ
A116,TN
A158,TN
A178,TN
A274,TN
A372,TN
A520,TN
A694,TN
A730,TN
A821,TN
A863,TN
A902,TN
A916,TN
A968,TN
B006,TN
B153,TN
B158,TN
B335,TN
B389,TN
B400,TN
B404,TN
B419,TN
B514,TN
B525,TN
B577,TN
B579,TN
B697,TN
B783,TN
B856,TN
C183,TN
C189,TN
C194,TN
C216,TN
C372,TN
C380,TN
C392,TN
C393,TN
C400,TN
C700,TN
C712,TN
C727,TN
C756,TN
C794,TN
C931,TN
D188,TN
D246,TN
D273,TN
D365,TN
D371,TN
D468,TN
D565,TN
D573,TN
D651,TN
D714,TN
D775,TN
D928,TN
E048,TN
E065,TN
E178,TN
E288,TN
E334,TN
E492,TN
E500,TN
E565,TN
E624,TN
E664,TN
E757,TN
E850,TN
F045,TN
F068,TN
F168,TN
F176,TN
F183,TN
F187,TN
F263,TN
F307,TN
F728,TN
F835,TN
F920,TN
F929,TN
F947,TN
G168,TN
G173,TN
G296,TN
G305,TN
M303,TN
G419,TN
G428,TN
G429,TN
G452,TN
G656,TN
G681,TN
G808,TN
H018,TN
H146,TN
H330,TN
H517,TN
H528,TN
H532,TN
H552,TN
H607,TN
H612,TN
H634,TN
H639,TN
H666,TN
H754,TN
I042,TN
I354,TN
I411,TN
I439,TN
I554,TN
I576,TN
I714,TN
I839,TN
I871,TN
I899,TN
I924,TN
I925,TN
I949,TN
I964,TN
I975,TN
L089,TN
L090,TN
L096,TN
L097,TN
L121,TN
L145,TN
L147,TN
L174,TN
L200,TN
L211,TN
L322,TN
L378,TN
L575,TN
L588,TN
L769,TN
L886,TN
L957,TN
M113,TN
M173,TN
M314,TN
M313,TN
M344,TN
M345,TN
M343,TN
M366,TN
M365,TN
M349,TN
M350,TN
M351,TN
M352,TN
M353,TN
M354,TN
M355,TN
M356,TN
M357,TN
M358,TN
M359,TN
M360,TN
M361,TN
M362,TN
M363,TN
M390,TN
M407,TN
M429,TN
M430,TN
M431,TN
A061,VR
A137,VR
A292,VR
A374,VR
A540,VR
A650,VR
A737,VR
A837,VR
A964,VR
B070,VR
B073,VR
B107,VR
B152,VR
B154,VR
B296,VR
B304,VR
B402,VR
B709,VR
B886,VR
C041,VR
C078,VR
C225,VR
C370,VR
C412,VR
C498,VR
C538,VR
C890,VR
C897,VR
C943,VR
D118,VR
D317,VR
D419,VR
D420,VR
D549,VR
D818,VR
D915,VR
D957,VR
E171,VR
E284,VR
E349,VR
E358,VR
E489,VR
E502,VR
E512,VR
E848,VR
E911,VR
F172,VR
F218,VR
F461,VR
F508,VR
F789,VR
F861,VR
F918,VR
F921,VR
G080,VR
G297,VR
G365,VR
G481,VR
G489,VR
G945,VR
H048,VR
H356,VR
H522,VR
H540,VR
H606,VR
H610,VR
H608,VR
H714,VR
H783,VR
H916,VR
H924,VR
H944,VR
I003,VR
H712,VR
I105,VR
I109,VR
I259,VR
I292,VR
I414,VR
I594,VR
I775,VR
I821,VR
I826,VR
I850,VR
L136,VR
L287,VR
L364,VR
L396,VR
L567,VR
L722,VR
L781,VR
D193,VR
L810,VR
L869,VR
L912,VR
L949,VR
M172,VR
M178,VR
A093,VI
A154,VI
A220,VI
A231,VI
A236,VI
A377,VI
A444,VI
A459,VI
A465,VI
A467,VI
A703,VI
A954,VI
B132,VI
B143,VI
B161,VI
B196,VI
B403,VI
B433,VI
B441,VI
B485,VI
B511,VI
B835,VI
B844,VI
C037,VI
C056,VI
C119,VI
C605,VI
C650,VI
C824,VI
D020,VI
D107,VI
D136,VI
D156,VI
D379,VI
D407,VI
D496,VI
D750,VI
D882,VI
D897,VI
E184,VI
E226,VI
E354,VI
E403,VI
E465,VI
E671,VI
E682,VI
E731,VI
E864,VI
E912,VI
E970,VI
F442,VI
F464,VI
F465,VI
F486,VI
F514,VI
F515,VI
F662,VI
F675,VI
F696,VI
F829,VI
F838,VI
F922,VI
F957,VI
F964,VI
G095,VI
G406,VI
G560,VI
G694,VI
G776,VI
G931,VI
G943,VI
G957,VI
H134,VI
H214,VI
H361,VI
H512,VI
H556,VI
H580,VI
H594,VI
F810,VI
H829,VI
I117,VI
I353,VI
I401,VI
I425,VI
I430,VI
I527,VI
I531,VI
I783,VI
I867,VI
L156,VI
L157,VI
D717,VI
L248,VI
L297,VI
L433,VI
L551,VI
L554,VI
L624,VI
L723,VI
L840,VI
L952,VI
M032,VI
M145,VI
M170,VI
M194,VI
M199,VI
M384,VI
M401,VI
M423,VI
M426,VI
M427,VI
M436,VI
A083,BL
A206,BL
A443,BL
A501,BL
A757,BL
A982,BL
B375,BL
C458,BL
C577,BL
C630,BL
C672,BL
C872,BL
C920,BL
A266,BL
D247,BL
D330,BL
D470,BL
D530,BL
D686,BL
B574,BL
E113,BL
E429,BL
E490,BL
E588,BL
E622,BL
E687,BL
E708,BL
G169,BL
G404,BL
G442,BL
G642,BL
B662,BL
H327,BL
H379,BL
H938,BL
I063,BL
I088,BL
I206,BL
I347,BL
C919,BL
I392,BL
I563,BL
I592,BL
I626,BL
I866,BL
I876,BL
I673,BL
L030,BL
L040,BL
L584,BL
L590,BL
L890,BL
M108,BL
M124,BL
M189,BL
M342,BL
M375,BL
M374,BL
M421,BL
M437,BL
A237,TV
A360,TV
A471,TV
B061,TV
B128,TV
B349,TV
B678,TV
B744,TV
B879,TV
B965,TV
C073,TV
C111,TV
C190,TV
C384,TV
C580,TV
C614,TV
C689,TV
C735,TV
C815,TV
C848,TV
C957,TV
C992,TV
D030,TV
C670,TV
D505,TV
D654,TV
D674,TV
D680,TV
D794,TV
D854,TV
E021,TV
E071,TV
E092,TV
E373,TV
E692,TV
E893,TV
E940,TV
F009,TV
F012,TV
F088,TV
F190,TV
F269,TV
F332,TV
F360,TV
F443,TV
F725,TV
F729,TV
F770,TV
F872,TV
F999,TV
G115,TV
G123,TV
G229,TV
G408,TV
G645,TV
G846,TV
G875,TV
G909,TV
G933,TV
G944,TV
H022,TV
H131,TV
H220,TV
H238,TV
H253,TV
H280,TV
H523,TV
H706,TV
H781,TV
H843,TV
I103,TV
I124,TV
I221,TV
I382,TV
I417,TV
I435,TV
I578,TV
I635,TV
F116,TV
I927,TV
L014,TV
L058,TV
L402,TV
L407,TV
L565,TV
L700,TV
L706,TV
L856,TV
M048,TV
M089,TV
M118,TV
M163,TV
M171,TV
M422,TV
A302,VE
B493,VE
B546,VE
B554,VE
B642,VE
C383,VE
C422,VE
C638,VE
C714,VE
C938,VE
C950,VE
D325,VE
D415,VE
D578,VE
D740,VE
D741,VE
D748,VE
E215,VE
C388,VE
E936,VE
E980,VE
F130,VE
F229,VE
F241,VE
F826,VE
F904,VE
F963,VE
G565,VE
G914,VE
G981,VE
H117,VE
H735,VE
H823,VE
I040,VE
I242,VE
I373,VE
I551,VE
I908,VE
I965,VE
L085,VE
L267,VE
L736,VE
L899,VE
M308,VE
A001,PD
A075,PD
A161,PD
A296,PD
A434,PD
A438,PD
A458,PD
A568,PD
A613,PD
A637,PD
A714,PD
A906,PD
B031,PD
B106,PD
B213,PD
B345,PD
B524,PD
B531,PD
B563,PD
B564,PD
B589,PD
B795,PD
B848,PD
B877,PD
B912,PD
C057,PD
C544,PD
C713,PD
C743,PD
C812,PD
C964,PD
D040,PD
D226,PD
D442,PD
D679,PD
D879,PD
D889,PD
D956,PD
E145,PD
E146,PD
E515,PD
E592,PD
E684,PD
E709,PD
F011,PD
F013,PD
F033,PD
F092,PD
F148,PD
F161,PD
F382,PD
F394,PD
F529,PD
F962,PD
G167,PD
G224,PD
G461,PD
G534,PD
G587,PD
G688,PD
G693,PD
G802,PD
G823,PD
G850,PD
G855,PD
G963,PD
H622,PD
H625,PD
H655,PD
H893,PD
H897,PD
I008,PD
I107,PD
I120,PD
I207,PD
I275,PD
I319,PD
I375,PD
I418,PD
I595,PD
I799,PD
I938,PD
L100,PD
L132,PD
L199,PD
L270,PD
L349,PD
L414,PD
L497,PD
L710,PD
L805,PD
L892,PD
L900,PD
L934,PD
L937,PD
L947,PD
L979,PD
M103,PD
M300,PD
M402,PD
M438,PD
A059,RO
A400,RO
A435,RO
A539,RO
A574,RO
A795,RO
B069,RO
B432,RO
B578,RO
B582,RO
C122,RO
C207,RO
C215,RO
C461,RO
C500,RO
C987,RO
D105,RO
D161,RO
D568,RO
D577,RO
D776,RO
D788,RO
D855,RO
D942,RO
E008,RO
E240,RO
E522,RO
E689,RO
E761,RO
F095,RO
F994,RO
G323,RO
G525,RO
G673,RO
G782,RO
G836,RO
G923,RO
H573,RO
H620,RO
H689,RO
H768,RO
H996,RO
I953,RO
L026,RO
L359,RO
L939,RO
L967,RO
L985,RO
L988,RO
G926,RO
A103,UD
A254,UD
A267,UD
A346,UD
A447,UD
A448,UD
A491,UD
A553,UD
A700,UD
A810,UD
A855,UD
A983,UD
B259,UD
B309,UD
B483,UD
B536,UD
B788,UD
B994,UD
C327,UD
C389,UD
C494,UD
C556,UD
C641,UD
C656,UD
C758,UD
C817,UD
C885,UD
C918,UD
D027,UD
D085,UD
D300,UD
D316,UD
D366,UD
D408,UD
D455,UD
D461,UD
D630,UD
D718,UD
D719,UD
D720,UD
D962,UD
E083,UD
E179,UD
E473,UD
E476,UD
E553,UD
E584,UD
E760,UD
E820,UD
E833,UD
E847,UD
E899,UD
E910,UD
E982,UD
F144,UD
F266,UD
F275,UD
F574,UD
F756,UD
F760,UD
F832,UD
F898,UD
G163,UD
G198,UD
G238,UD
G268,UD
G284,UD
G300,UD
G352,UD
G381,UD
G389,UD
G743,UD
G831,UD
G891,UD
G949,UD
G966,UD
G969,UD
H002,UD
H014,UD
H029,UD
H038,UD
H040,UD
H089,UD
H161,UD
H196,UD
H200,UD
H206,UD
H229,UD
H242,UD
H244,UD
H289,UD
H347,UD
H533,UD
H629,UD
H816,UD
H895,UD
H906,UD
H951,UD
I092,UD
I248,UD
I404,UD
I405,UD
I464,UD
I478,UD
I562,UD
I777,UD
I974,UD
L018,UD
G736,UD
L039,UD
L050,UD
L057,UD
L065,UD
L144,UD
L195,UD
L246,UD
L309,UD
L335,UD
L382,UD
L421,UD
L438,UD
L483,UD
L686,UD
L743,UD
L801,UD
L909,UD
M073,UD
M200,UD
D700,UD
M311,UD
M317,UD
I421,UD
M400,UD
M399,UD
B712,GO
D014,GO
D312,GO
D321,GO
D504,GO
D645,GO
E098,GO
E124,GO
E125,GO
E952,GO
F081,GO
F356,GO
F710,GO
F767,GO
H514,GO
H531,GO
H665,GO
H787,GO
H845,GO
H964,GO
I082,GO
I479,GO
I939,GO
L474,GO
M043,GO
D383,TS
F378,TS
F795,TS
D324,TS
I715,TS
L424,TS
A067,PC
A223,PC
A823,PC
A831,PC
A909,PC
B025,PC
B332,PC
B405,PC
B643,PC
B812,PC
C145,PC
C261,PC
C288,PC
C513,PC
C838,PC
D054,PC
D061,PC
D502,PC
D555,PC
D611,PC
D958,PC
E114,PC
E132,PC
E196,PC
E726,PC
F671,PC
F724,PC
G195,PC
G535,PC
G557,PC
G696,PC
G747,PC
G842,PC
G852,PC
H350,PC
H593,PC
H887,PC
G788,PC
I434,PC
L348,PC
L772,PC
L897,PC
L980,PC
M165,PC
L848,PC
M386,PC
A138,PR
A646,PR
A731,PR
A788,PR
A987,PR
B042,PR
B293,PR
B408,PR
C852,PR
C904,PR
C934,PR
D026,PR
D526,PR
B034,PR
D673,PR
D685,PR
D728,PR
E438,PR
E547,PR
F082,PR
F340,PR
F473,PR
F882,PR
F914,PR
G255,PR
G337,PR
G424,PR
H384,PR
H682,PR
H720,PR
I153,PR
I803,PR
I840,PR
E548,PR
L183,PR
L229,PR
L299,PR
L346,PR
L641,PR
L672,PR
L689,PR
M325,PR
M367,PR
M411,PR
A162,RE
A573,RE
A586,RE
A850,RE
A988,RE
B156,RE
B328,RE
B499,RE
B502,RE
B825,RE
B893,RE
B967,RE
C141,RE
C218,RE
C219,RE
C405,RE
C669,RE
D037,RE
D450,RE
D934,RE
E232,RE
E253,RE
E772,RE
F463,RE
F960,RE
G947,RE
H122,RE
H225,RE
H223,RE
H298,RE
H500,RE
H628,RE
I011,RE
I123,RE
I342,RE
I496,RE
L184,RE
L815,RE
L820,RE
L831,RE
L969,RE
M364,RE
A713,MO
A959,MO
B539,MO
B566,MO
B819,MO
C107,MO
C242,MO
C287,MO
C398,MO
C951,MO
D486,MO
D599,MO
D607,MO
D617,MO
D711,MO
D783,MO
E264,MO
E426,MO
E904,MO
E905,MO
F087,MO
F240,MO
F257,MO
F484,MO
F503,MO
F642,MO
F930,MO
F966,MO
G250,MO
G393,MO
G649,MO
G789,MO
H061,MO
H195,MO
H303,MO
H794,MO
H835,MO
I128,MO
I133,MO
I462,MO
I473,MO
F357,MO
I689,MO
I802,MO
I903,MO
L885,MO
M183,MO
A324,BO
A392,BO
A665,BO
A785,BO
A944,BO
B044,BO
B249,BO
B399,BO
B572,BO
B880,BO
B892,BO
C075,BO
C086,BO
B969,BO
C121,BO
C185,BO
C204,BO
C265,BO
C292,BO
C296,BO
D166,BO
D360,BO
D668,BO
D847,BO
D878,BO
E136,BO
E187,BO
E289,BO
A771,BO
E655,BO
E844,BO
B689,BO
F083,BO
F219,BO
F288,BO
F363,BO
F597,BO
F627,BO
F706,BO
F718,BO
G205,BO
G570,BO
G643,BO
H678,BO
G566,BO
H896,BO
G467,BO
H945,BO
I110,BO
I191,BO
G972,BO
L762,BO
M185,BO
M320,BO
M369,BO
A393,FE
A965,FE
C469,FE
C814,FE
C912,FE
C980,FE
D548,FE
E320,FE
E410,FE
F016,FE
F156,FE
G184,FE
G768,FE
G916,FE
L868,FE
M110,FE
E107,FE
M323,FE
M381,FE
M410,FE
M409,FE
A191,RA
A547,RA
A551,RA
B188,RA
B982,RA
C065,RA
C553,RA
C963,RA
D121,RA
D458,RA
D829,RA
E730,RA
F029,RA
H199,RA
H302,RA
H642,RA
I196,RA
I787,RA
A565,FC
A809,FC
B001,FC
C339,FC
C573,FC
C574,FC
C777,FC
D357,FC
D704,FC
D705,FC
D867,FC
D899,FC
D935,FC
E675,FC
F097,FC
F139,FC
F259,FC
F668,FC
G904,FC
H017,FC
H034,FC
H437,FC
H542,FC
I027,FC
I310,FC
I444,FC
I472,FC
I779,FC
L361,FC
L764,FC
A035,PU
A327,PU
A740,PU
B026,PU
B352,PU
B636,PU
B816,PU
B846,PU
D488,PU
D541,PU
D749,PU
D791,PU
D807,PU
D808,PU
D836,PU
E122,PU
E351,PU
E743,PU
E785,PU
F135,PU
F136,PU
F310,PU
F347,PU
F348,PU
F450,PU
F467,PU
F497,PU
F524,PU
F533,PU
F589,PU
G416,PU
G453,PU
G479,PU
G514,PU
G551,PU
G627,PU
G682,PU
H809,PU
H958,PU
I287,PU
I344,PU
I654,PU
L078,PU
L081,PU
L498,PU
L500,PU
M331,PU
M380,PU
M379,PU
M413,PU
A092,AN
A271,AN
A366,AN
A626,AN
A769,AN
B468,AN
B470,AN
C060,AN
C100,AN
C152,AN
C248,AN
C524,AN
C615,AN
D007,AN
D211,AN
D451,AN
D472,AN
D597,AN
D965,AN
E388,AN
E690,AN
E837,AN
F145,AN
F381,AN
F453,AN
F560,AN
F600,AN
F634,AN
F745,AN
F978,AN
G003,AN
G157,AN
F401,AN
F581,AN
G771,AN
G803,AN
H575,AN
H979,AN
I071,AN
I251,AN
I461,AN
I608,AN
I643,AN
I653,AN
I758,AN
I932,AN
M318,AN
A329,MC
A334,MC
A739,MC
A947,MC
B398,MC
B474,MC
B562,MC
C251,MC
C267,MC
C582,MC
C704,MC
C770,MC
C886,MC
D042,MC
D429,MC
D564,MC
D628,MC
D853,MC
E228,MC
E694,MC
E783,MC
F051,MC
F268,MC
F454,MC
F460,MC
F482,MC
F496,MC
F552,MC
F621,MC
F622,MC
F749,MC
F793,MC
G436,MC
G515,MC
G657,MC
G690,MC
D566,MC
F567,MC
G919,MC
F632,MC
H211,MC
H323,MC
H876,MC
I156,MC
I286,MC
I436,MC
I569,MC
I651,MC
I661,MC
L191,MC
L366,MC
L501,MC
L517,MC
M078,MC
M382,MC
A044,AP
A047,AP
A335,AP
A437,AP
A462,AP
B727,AP
C093,AP
C321,AP
C331,AP
C877,AP
C935,AP
D096,AP
D210,AP
D652,AP
D691,AP
E207,AP
E868,AP
F044,AP
F380,AP
F415,AP
F487,AP
F501,AP
F516,AP
F570,AP
F591,AP
G005,AP
G289,AP
H321,AP
H390,AP
H588,AP
H769,AP
I912,AP
L728,AP
A496,MS
A576,MS
B832,MS
B979,MS
C914,MS
D590,MS
D629,MS
D735,MS
E574,MS
F023,MS
F679,MS
F802,MS
G746,MS
G870,MS
L386,MS
L946,MS
M169,MS
A241,LU
A560,LU
A657,LU
B007,LU
B455,LU
B557,LU
B648,LU
B760,LU
C236,LU
C303,LU
C996,LU
D730,LU
D734,LU
D874,LU
E715,LU
F035,LU
F225,LU
F283,LU
F452,LU
G480,LU
G582,LU
G628,LU
G648,LU
G882,LU
I142,LU
I622,LU
I942,LU
L533,LU
L833,LU
L913,LU
L926,LU
M319,LU
M347,LU
A071,PT
B251,PT
E432,PT
E451,PT
E960,PT
F025,PT
F384,PT
F410,PT
A561,PT
G491,PT
G636,PT
G713,PT
G833,PT
H109,PT
H744,PT
I660,PT
L522,PT
C631,PT
M376,PT
M377,PT
A564,FI
A632,FI
B036,FI
B406,FI
B507,FI
B684,FI
C101,FI
C529,FI
C540,FI
D299,FI
D403,FI
D575,FI
D612,FI
D613,FI
D815,FI
D895,FI
E169,FI
E291,FI
E466,FI
E668,FI
E971,FI
F398,FI
F551,FI
F648,FI
G270,FI
G420,FI
G825,FI
H222,FI
H286,FI
H635,FI
H791,FI
H937,FI
B962,FI
I684,FI
I728,FI
L529,FI
L838,FI
M059,FI
M321,FI
M326,FI
M408,FI
A852,LI
B509,LI
B553,LI
B669,LI
B685,LI
C044,LI
C415,LI
C869,LI
E625,LI
E930,LI
E931,LI
G687,LI
E680,LI
G912,LI
H570,LI
I390,LI
I454,LI
L019,LI
M391,LI
A864,PI
B303,PI
B390,PI
B392,PI
B647,PI
B878,PI
B950,PI
C113,PI
C174,PI
C244,PI
C609,PI
D510,PI
E250,PI
E413,PI
F458,PI
F640,PI
F661,PI
F686,PI
G090,PI
G254,PI
G395,PI
G702,PI
G804,PI
G822,PI
G843,PI
H319,PI
A562,PI
I046,PI
I177,PI
I217,PI
I232,PI
L138,PI
L702,PI
L850,PI
M126,PI
M327,PI
M328,PI
A291,AR
A390,AR
A541,AR
A851,AR
B243,AR
B670,AR
B693,AR
C102,AR
C263,AR
C318,AR
C319,AR
C407,AR
C648,AR
C663,AR
C774,AR
D077,AR
D649,AR
E693,AR
E718,AR
E933,AR
F565,AR
F594,AR
F628,AR
F656,AR
G139,AR
G653,AR
G879,AR
H901,AR
I155,AR
I681,AR
I991,AR
L038,AR
L123,AR
M322,AR
M329,AR
M392,AR
A006,SI
A461,SI
B269,SI
B984,SI
C172,SI
C227,SI
C313,SI
C587,SI
C608,SI
C661,SI
C662,SI
C847,SI
D858,SI
F592,SI
F598,SI
F605,SI
F676,SI
F815,SI
G547,SI
G602,SI
G752,SI
H153,SI
H156,SI
H157,SI
H185,SI
H790,SI
H875,SI
I135,SI
I445,SI
I726,SI
A468,SI
I877,SI
L303,SI
L384,SI
M378,SI
A369,GR
B497,GR
B646,GR
C085,GR
C147,GR
C310,GR
C705,GR
C782,GR
D656,GR
D948,GR
E202,GR
E348,GR
E810,GR
E875,GR
F032,GR
F437,GR
F677,GR
G088,GR
G716,GR
H417,GR
H449,GR
I187,GR
I504,GR
I510,GR
I571,GR
I841,GR
F612,GR
I601,GR
A475,PG
A710,PG
A832,PG
A835,PG
B504,PG
B609,PG
B948,PG
C252,PG
C309,PG
C527,PG
C742,PG
C744,PG
C745,PG
C845,PG
C990,PG
D108,PG
D279,PG
D653,PG
D745,PG
D787,PG
E012,PG
E229,PG
E230,PG
E256,PG
E613,PG
E805,PG
E975,PG
F024,PG
F456,PG
F492,PG
F540,PG
F629,PG
F685,PG
F911,PG
F935,PG
G212,PG
G308,PG
G359,PG
G478,PG
G601,PG
G618,PG
G758,PG
H015,PG
H935,PG
I263,PG
I522,PG
I523,PG
I585,PG
I727,PG
I888,PG
I921,PG
L188,PG
L216,PG
L397,PG
L466,PG
D786,PG
L573,PG
L627,PG
L653,PG
A045,TR
A207,TR
A242,TR
A262,TR
A439,TR
A490,TR
A691,TR
B446,TR
C117,TR
C289,TR
D454,TR
D538,TR
D570,TR
E045,TR
E241,TR
E729,TR
F457,TR
F462,TR
F510,TR
F513,TR
F543,TR
F844,TR
G148,TR
G189,TR
G344,TR
G432,TR
G790,TR
G881,TR
H857,TR
I381,TR
I981,TR
L117,TR
M258,TR
A040,VT
A412,VT
A577,VT
A628,VT
A704,VT
A706,VT
A857,VT
A949,VT
A955,VT
B388,VT
B597,VT
B604,VT
B663,VT
B688,VT
B691,VT
B735,VT
C269,VT
C315,VT
C446,VT
C447,VT
C765,VT
C780,VT
C988,VT
D452,VT
D475,VT
D503,VT
D870,VT
E126,VT
E128,VT
E210,VT
E330,VT
E467,VT
E713,VT
E978,VT
F419,VT
F499,VT
F603,VT
F606,VT
F868,VT
G065,VT
G111,VT
G135,VT
G571,VT
H071,VT
H534,VT
H913,VT
H969,VT
I855,VT
L017,VT
D024,VT
L150,VT
L310,VT
L569,VT
L612,VT
A701,VT
L713,VT
L814,VT
L882,VT
M082,VT
M086,VT
A019,RI
A258,RI
A315,RI
A464,RI
A765,RI
A981,RI
B008,RI
A996,RI
B627,RI
B631,RI
B934,RI
A472,RI
C098,RI
C224,RI
C268,RI
C746,RI
C749,RI
C841,RI
C857,RI
C859,RI
C876,RI
C880,RI
C946,RI
C959,RI
C969,RI
D124,RI
D493,RI
D560,RI
D689,RI
D785,RI
E160,RI
E393,RI
E535,RI
E681,RI
E812,RI
E927,RI
F193,RI
F319,RI
F430,RI
F446,RI
F541,RI
F579,RI
F619,RI
F687,RI
F746,RI
F876,RI
B595,RI
G232,RI
G498,RI
G513,RI
G756,RI
G757,RI
G763,RI
G764,RI
G765,RI
G770,RI
G934,RI
G951,RI
H282,RI
H354,RI
H427,RI
H446,RI
H713,RI
I499,RI
I581,RI
I959,RI
L046,RI
L189,RI
L293,RI
L286,RI
G507,RI
L525,RI
L676,RI
A062,RM
A084,RM
A132,RM
A210,RM
A297,RM
A309,RM
A323,RM
A370,RM
A401,RM
A446,RM
A449,RM
A749,RM
B114,RM
B472,RM
B496,RM
B576,RM
B635,RM
B649,RM
B687,RM
B828,RM
B932,RM
C116,RM
C203,RM
C237,RM
C266,RM
C390,RM
C518,RM
C543,RM
C552,RM
C677,RM
C702,RM
C773,RM
C784,RM
C858,RM
C900,RM
D561,RM
D586,RM
D707,RM
D773,RM
D875,RM
D945,RM
D964,RM
D972,RM
D978,RM
E091,RM
E204,RM
E263,RM
E382,RM
E392,RM
C767,RM
E576,RM
E813,RM
B632,RM
E900,RM
E908,RM
E924,RM
E958,RM
F064,RM
F127,RM
F477,RM
F504,RM
F534,RM
F545,RM
F590,RM
F611,RM
F692,RM
F730,RM
F734,RM
F857,RM
F865,RM
F871,RM
F880,RM
G022,RM
G274,RM
G293,RM
G444,RM
G704,RM
G784,RM
G811,RM
G874,RM
H267,RM
H288,RM
H300,RM
H387,RM
H401,RM
H404,RM
H411,RM
H432,RM
H441,RM
H494,RM
H501,RM
H618,RM
H658,RM
H745,RM
H942,RM
I125,RM
I255,RM
I284,RM
I352,RM
I400,RM
I424,RM
I573,RM
I992,RM
L182,RM
L192,RM
L302,RM
L401,RM
L611,RM
L625,RM
L639,RM
L719,RM
L851,RM
M095,RM
M141,RM
M207,RM
M212,RM
M213,RM
M272,RM
M295,RM
M297,RM
M309,RM
A341,LT
A707,LT
B527,LT
C104,LT
C740,LT
D003,LT
D662,LT
D708,LT
D843,LT
E375,LT
E472,LT
E527,LT
E798,LT
F224,LT
F616,LT
F937,LT
G865,LT
G871,LT
G698,LT
H076,LT
H413,LT
H421,LT
H444,LT
H647,LT
H836,LT
I339,LT
I634,LT
I712,LT
I832,LT
I892,LT
I902,LT
L120,LT
L742,LT
A032,FR
A054,FR
A123,FR
A244,FR
A256,FR
A269,FR
A348,FR
A363,FR
A421,FR
A433,FR
A486,FR
A502,FR
A763,FR
A720,FR
B195,FR
B543,FR
B862,FR
B919,FR
C034,FR
C177,FR
C223,FR
C340,FR
C338,FR
C413,FR
C479,FR
C545,FR
C836,FR
C864,FR
C870,FR
C998,FR
D440,FR
D483,FR
D539,FR
D591,FR
A310,FR
D667,FR
D682,FR
D810,FR
D819,FR
D881,FR
E057,FR
E236,FR
E340,FR
F620,FR
F740,FR
G276,FR
G362,FR
G374,FR
G500,FR
G591,FR
G592,FR
G598,FR
G659,FR
G662,FR
G749,FR
G838,FR
G935,FR
H324,FR
H393,FR
H443,FR
H779,FR
H824,FR
H880,FR
H917,FR
I256,FR
I265,FR
I302,FR
I321,FR
I351,FR
I408,FR
I669,FR
I697,FR
I716,FR
I838,FR
I973,FR
L009,FR
L105,FR
L243,FR
L290,FR
L398,FR
L437,FR
L598,FR
L605,FR
L614,FR
L780,FR
L836,FR
L843,FR
A081,FR
L905,FR
I364,FR
M083,FR
A106,CE
A200,CE
A243,CE
A403,CE
A512,CE
A579,CE
A755,CE
B361,CE
B362,CE
B445,CE
B477,CE
B581,CE
B667,CE
B704,CE
B715,CE
B779,CE
B781,CE
B860,CE
B872,CE
B916,CE
B935,CE
B963,CE
B494,CE
C097,CE
C178,CE
C211,CE
C291,CE
C558,CE
C561,CE
C716,CE
C939,CE
D228,CE
D361,CE
D683,CE
D709,CE
D769,CE
D799,CE
D884,CE
D886,CE
E011,CE
E039,CE
E158,CE
E173,CE
E554,CE
E570,CE
E754,CE
E784,CE
E791,CE
E932,CE
E998,CE
F203,CE
F352,CE
G130,CE
G333,CE
G364,CE
G541,CE
G596,CE
G620,CE
G630,CE
G661,CE
G849,CE
G903,CE
G991,CE
G995,CE
H045,CE
H202,CE
H210,CE
H268,CE
H398,CE
H423,CE
H436,CE
H459,CE
H165,CE
H798,CE
H834,CE
H939,CE
H978,CE
I056,CE
I113,CE
I130,CE
I131,CE
I233,CE
I234,CE
I247,CE
I261,CE
I273,CE
I306,CE
I676,CE
I885,CE
I993,CE
L083,CE
L155,CE
L205,CE
L379,CE
L540,CE
L594,CE
L591,CE
D801,CE
L844,CE
M092,CE
D471,CE
M262,CE
M260,CE
F043,CE
A110,BN
A265,BN
A328,BN
A330,BN
A431,BN
A432,BN
A696,BN
A783,BN
A970,BN
B239,BN
B267,BN
B444,BN
B541,BN
B542,BN
B873,BN
C106,BN
C245,BN
C250,BN
C280,BN
C284,BN
C359,BN
C476,BN
C525,BN
C719,BN
C846,BN
D230,BN
D380,BN
D386,BN
D469,BN
D644,BN
D650,BN
D693,BN
D755,BN
D756,BN
D784,BN
E034,BN
E249,BN
E589,BN
F113,BN
F274,BN
F287,BN
F494,BN
F636,BN
F717,BN
G227,BN
G243,BN
G311,BN
G318,BN
G386,BN
G494,BN
G626,BN
G631,BN
G827,BN
G848,BN
H087,BN
H227,BN
H764,BN
H894,BN
H898,BN
H953,BN
H955,BN
H967,BN
H973,BN
H984,BN
I002,BN
I049,BN
I062,BN
I145,BN
I179,BN
I197,BN
I277,BN
I455,BN
I809,BN
L086,BN
L185,BN
L254,BN
M093,BN
F557,BN
A024,NA
A064,NA
A068,NA
A268,NA
A455,NA
A535,NA
A617,NA
B076,NA
B077,NA
B227,NA
B371,NA
B452,NA
B565,NA
B696,NA
B740,NA
B759,NA
B905,NA
B922,NA
B924,NA
B925,NA
B946,NA
B980,NA
B990,NA
C129,NA
C188,NA
C495,NA
C675,NA
C697,NA
C929,NA
D170,NA
D702,NA
D789,NA
D790,NA
E054,NA
E131,NA
E224,NA
E329,NA
E396,NA
E557,NA
E620,NA
E906,NA
E954,NA
E955,NA
F030,NA
F111,NA
F162,NA
F488,NA
F799,NA
F839,NA
F924,NA
G190,NA
G283,NA
G568,NA
G670,NA
G762,NA
G795,NA
G812,NA
G813,NA
G902,NA
G964,NA
H072,NA
H101,NA
H114,NA
H243,NA
H433,NA
H860,NA
H892,NA
H931,NA
I073,NA
I151,NA
I208,NA
I262,NA
I293,NA
I300,NA
I391,NA
I469,NA
I540,NA
I652,NA
I820,NA
I862,NA
I978,NA
L142,NA
L245,NA
L259,NA
L460,NA
L845,NA
G309,NA
M072,NA
M115,NA
M273,NA
M280,NA
M289,NA
A101,AV
A228,AV
A284,AV
A347,AV
A399,AV
A489,AV
A508,AV
A509,AV
A566,AV
A580,AV
A881,AV
A975,AV
B367,AV
B374,AV
B415,AV
B590,AV
B674,AV
B706,AV
B776,AV
B866,AV
B997,AV
C058,AV
C105,AV
C283,AV
C557,AV
C576,AV
C606,AV
C659,AV
C971,AV
C976,AV
D331,AV
D638,AV
D671,AV
D701,AV
D798,AV
D998,AV
E161,AV
E206,AV
E214,AV
E245,AV
E397,AV
E448,AV
E487,AV
E605,AV
E746,AV
E891,AV
E997,AV
F110,AV
F141,AV
F230,AV
F397,AV
F448,AV
F491,AV
F506,AV
F511,AV
F512,AV
F546,AV
F559,AV
F566,AV
F660,AV
F744,AV
F762,AV
F798,AV
F988,AV
G165,AV
G242,AV
G340,AV
G370,AV
G519,AV
G611,AV
G629,AV
G990,AV
H006,AV
H097,AV
H128,AV
H382,AV
H438,AV
H592,AV
H733,AV
H975,AV
I016,AV
I034,AV
I061,AV
I129,AV
I163,AV
I219,AV
I264,AV
I279,AV
I280,AV
I281,AV
I301,AV
I357,AV
I471,AV
I493,AV
I606,AV
I630,AV
I756,AV
I805,AV
I843,AV
I893,AV
I990,AV
L004,AV
L061,AV
L062,AV
L102,AV
L214,AV
L272,AV
L301,AV
L399,AV
L461,AV
L589,AV
L616,AV
L739,AV
L965,AV
L973,AV
M130,AV
M203,AV
M330,AV
A023,SA
A091,SA
A128,SA
A186,SA
A230,SA
A251,SA
A294,SA
A343,SA
A460,SA
A484,SA
A487,SA
A495,SA
A674,SA
A717,SA
A756,SA
B115,SA
B242,SA
B266,SA
B351,SA
B437,SA
B476,SA
B492,SA
B555,SA
B608,SA
B644,SA
B868,SA
B888,SA
B895,SA
B959,SA
C069,SA
C125,SA
C231,SA
C235,SA
C259,SA
C262,SA
C306,SA
C361,SA
C444,SA
C470,SA
C485,SA
C584,SA
C676,SA
C879,SA
C940,SA
C973,SA
C974,SA
C984,SA
D011,SA
D195,SA
D390,SA
D527,SA
D615,SA
D826,SA
D832,SA
E026,SA
E027,SA
E037,SA
E060,SA
E365,SA
E480,SA
E485,SA
E486,SA
E498,SA
E767,SA
E814,SA
E839,SA
F138,SA
F223,SA
F278,SA
F426,SA
F479,SA
F480,SA
F481,SA
F507,SA
F618,SA
F625,SA
F731,SA
F912,SA
F913,SA
F967,SA
G011,SA
G023,SA
G039,SA
G063,SA
G121,SA
G192,SA
G226,SA
G230,SA
G292,SA
G426,SA
G447,SA
G455,SA
G476,SA
G509,SA
G538,SA
G707,SA
G793,SA
G796,SA
G834,SA
G932,SA
G939,SA
G976,SA
H062,SA
H198,SA
H277,SA
H394,SA
H412,SA
H431,SA
H485,SA
H503,SA
H564,SA
H644,SA
H654,SA
H683,SA
H686,SA
H703,SA
H732,SA
H800,SA
H907,SA
H943,SA
H977,SA
I019,SA
I031,SA
I032,SA
I089,SA
I143,SA
I253,SA
I278,SA
I307,SA
I317,SA
I260,SA
I377,SA
I410,SA
I422,SA
I438,SA
I451,SA
I483,SA
I486,SA
I648,SA
I666,SA
I677,SA
I720,SA
M253,SA
G887,SA
I960,SA
D292,SA
L212,SA
L233,SA
L274,SA
L306,SA
L323,SA
L377,SA
G540,SA
L628,SA
L656,SA
L835,SA
L860,SA
M294,SA
A018,AQ
A100,AQ
A187,AQ
A318,AQ
A481,AQ
A515,AQ
A603,AQ
A656,AQ
A667,AQ
A678,AQ
A884,AQ
B256,AQ
B358,AQ
B382,AQ
B526,AQ
B569,AQ
B606,AQ
B624,AQ
B651,AQ
B656,AQ
B658,AQ
B672,AQ
B677,AQ
B725,AQ
B842,AQ
C083,AQ
C090,AQ
C096,AQ
C126,AQ
C278,AQ
C279,AQ
C426,AQ
C492,AQ
C766,AQ
C778,AQ
C783,AQ
C811,AQ
C844,AQ
C862,AQ
C866,AQ
C999,AQ
D465,AQ
D681,AQ
D736,AQ
D850,AQ
E040,AQ
E096,AQ
E307,AQ
A345,AQ
E505,AQ
E723,AQ
E724,AQ
E811,AQ
F022,AQ
M255,AQ
F595,AQ
F732,AQ
F852,AQ
F996,AQ
G002,AQ
G079,AQ
G102,AQ
G142,AQ
G145,AQ
G200,AQ
G210,AQ
G449,AQ
G484,AQ
G492,AQ
G493,AQ
G524,AQ
G726,AQ
G766,AQ
G992,AQ
H007,AQ
H056,AQ
H166,AQ
H353,AQ
H389,AQ
H399,AQ
H400,AQ
H402,AQ
H429,AQ
H434,AQ
H772,AQ
H773,AQ
H819,AQ
I121,AQ
I326,AQ
I336,AQ
I360,AQ
I389,AQ
I501,AQ
I543,AQ
I546,AQ
I553,AQ
I558,AQ
I804,AQ
L025,AQ
L173,AQ
L227,AQ
L334,AQ
L958,AQ
M021,AQ
M023,AQ
M031,AQ
M041,AQ
M090,AQ
A125,TE
A270,TE
A445,TE
A488,TE
A692,TE
A746,TE
A885,TE
B515,TE
B640,TE
C040,TE
C128,TE
C169,TE
C316,TE
C322,TE
C449,TE
C517,TE
C781,TE
C311,TE
C901,TE
C972,TE
D043,TE
D076,TE
D179,TE
D489,TE
E058,TE
E343,TE
F500,TE
F690,TE
F747,TE
F764,TE
F870,TE
F942,TE
G437,TE
G608,TE
F831,TE
H440,TE
F585,TE
I318,TE
I348,TE
I741,TE
L103,TE
L207,TE
L295,TE
L307,TE
L314,TE
L597,TE
E989,TE
A008,PE
A120,PE
A945,PE
B193,PE
B294,PE
B681,PE
B722,PE
B827,PE
C308,PE
C354,PE
C474,PE
C750,PE
C771,PE
C779,PE
C853,PE
D078,PE
D201,PE
D394,PE
D501,PE
E558,PE
E691,PE
E892,PE
F441,PE
F646,PE
F765,PE
F908,PE
G438,PE
G482,PE
G499,PE
G555,PE
G589,PE
G621,PE
G878,PE
H425,PE
H562,PE
H715,PE
I332,PE
I376,PE
I482,PE
I649,PE
I922,PE
L186,PE
L263,PE
L475,PE
L846,PE
L922,PE
A235,CH
A367,CH
A398,CH
A402,CH
A485,CH
A956,CH
B057,CH
B238,CH
B268,CH
B620,CH
B826,CH
B853,CH
B859,CH
B861,CH
B865,CH
B896,CH
B985,CH
C114,CH
C123,CH
C298,CH
C428,CH
C632,CH
C768,CH
C776,CH
C855,CH
C856,CH
D137,CH
D209,CH
D315,CH
D494,CH
D495,CH
D592,CH
D738,CH
D757,CH
D763,CH
D796,CH
D803,CH
D823,CH
D898,CH
D996,CH
E052,CH
E056,CH
E243,CH
E266,CH
E424,CH
E435,CH
E531,CH
E559,CH
E611,CH
F196,CH
F433,CH
F498,CH
F535,CH
F578,CH
F582,CH
F785,CH
G128,CH
G141,CH
G237,CH
G271,CH
G290,CH
G294,CH
G434,CH
G435,CH
G441,CH
G724,CH
G760,CH
G799,CH
H052,CH
H098,CH
H184,CH
H320,CH
H424,CH
H439,CH
H442,CH
H448,CH
H495,CH
H566,CH
H784,CH
H923,CH
D690,CH
H991,CH
I148,CH
I244,CH
I335,CH
I394,CH
I520,CH
I526,CH
L047,CH
L194,CH
L218,CH
L224,CH
L253,CH
L284,CH
L291,CH
L363,CH
L459,CH
L526,CH
E372,CH
L961,CH
L964,CH
M022,CH
G613,CH
D480,CH
A050,CB
A616,CB
A930,CB
A971,CB
B295,CB
B519,CB
B522,CB
B528,CB
B544,CB
B550,CB
B858,CB
B871,CB
C066,CB
C175,CB
C197,CB
C346,CB
C486,CB
C488,CB
C764,CB
C854,CB
C875,CB
C772,CB
D550,CB
D737,CB
D896,CB
E030,CB
E244,CB
E248,CB
E259,CB
E381,CB
E456,CB
E599,CB
E722,CB
E748,CB
E780,CB
E799,CB
F055,CB
F233,CB
F294,CB
F322,CB
F391,CB
F475,CB
F495,CB
F548,CB
F569,CB
F576,CB
F689,CB
F748,CB
G086,CB
G257,CB
G506,CB
G512,CB
G609,CB
G610,CB
G910,CB
H083,CB
H273,CB
H311,CB
H313,CB
H454,CB
H589,CB
H693,CB
H782,CB
H833,CB
H867,CB
H920,CB
H928,CB
H929,CB
H990,CB
I023,CB
I122,CB
I181,CB
I289,CB
I320,CB
I618,CB
I910,CB
L069,CB
L113,CB
L215,CB
L230,CB
L435,CB
L458,CB
L505,CB
M057,CB
A015,FG
A150,FG
A320,FG
A339,FG
A463,FG
A854,FG
B104,FG
B357,FG
B584,FG
B724,FG
B784,FG
B829,FG
B904,FG
B917,FG
C198,FG
C202,FG
C222,FG
C429,FG
C442,FG
C514,FG
C633,FG
D269,FG
D459,FG
D643,FG
E332,FG
E363,FG
E549,FG
E716,FG
E885,FG
F059,FG
F538,FG
F631,FG
F777,FG
G125,FG
G131,FG
G312,FG
G487,FG
G604,FG
G761,FG
H287,FG
H467,FG
H480,FG
H568,FG
H926,FG
H985,FG
H986,FG
I054,FG
I072,FG
I158,FG
I193,FG
I641,FG
I962,FG
I963,FG
L273,FG
L447,FG
L842,FG
L858,FG
M131,FG
M132,FG
M266,FG
M267,FG
A048,BA
A055,BA
A149,BA
A225,BA
A662,BA
A874,BA
A892,BA
A893,BA
A894,BA
B716,BA
B923,BA
B998,BA
C134,BA
C436,BA
C975,BA
C983,BA
E038,BA
E047,BA
E155,BA
E223,BA
E645,BA
F262,BA
F280,BA
F284,BA
F376,BA
F915,BA
F923,BA
G291,BA
G769,BA
G787,BA
H096,BA
H643,BA
H645,BA
H749,BA
I053,BA
I330,BA
L109,BA
L220,BA
L425,BA
L472,BA
L571,BA
A514,TA
B808,TA
C136,TA
D171,TA
D463,TA
D754,TA
E036,TA
E205,TA
E469,TA
E537,TA
E630,TA
E882,TA
E986,TA
E995,TA
F027,TA
F531,TA
F563,TA
F587,TA
F784,TA
G251,TA
G252,TA
H090,TA
H409,TA
H882,TA
I018,TA
I467,TA
L049,TA
L294,TA
M298,TA
B180,BR
B809,BR
C424,BR
C448,BR
C741,BR
D422,BR
D508,BR
D761,BR
E471,BR
F152,BR
G098,BR
G187,BR
H822,BR
I045,BR
I066,BR
I119,BR
I396,BR
L213,BR
L280,BR
L920,BR
A184,LE
A185,LE
A208,LE
A281,LE
A350,LE
A425,LE
A572,LE
B086,LE
B413,LE
B506,LE
B616,LE
B690,LE
B792,LE
B822,LE
B936,LE
C334,LE
C335,LE
C336,LE
C377,LE
C865,LE
C978,LE
D006,LE
D044,LE
D223,LE
D237,LE
D305,LE
D851,LE
D862,LE
D863,LE
D883,LE
E053,LE
E061,LE
E227,LE
E506,LE
E538,LE
E563,LE
E629,LE
E815,LE
E979,LE
E984,LE
F054,LE
F101,LE
F109,LE
F117,LE
F194,LE
F221,LE
F604,LE
F623,LE
F716,LE
F816,LE
F842,LE
F881,LE
F916,LE
F970,LE
G136,LE
G188,LE
G285,LE
G325,LE
G378,LE
G751,LE
H147,LE
H632,LE
H708,LE
H729,LE
H757,LE
H793,LE
H826,LE
I059,LE
I115,LE
I172,LE
I549,LE
I559,LE
I780,LE
I800,LE
I887,LE
I923,LE
I930,LE
I950,LE
L008,LE
L010,LE
L011,LE
L064,LE
L074,LE
L166,LE
L383,LE
L419,LE
L462,LE
L484,LE
L485,LE
L711,LE
L776,LE
M187,LE
M264,LE
M261,LE
M263,LE
M428,LE
A013,PZ
A020,PZ
A131,PZ
A321,PZ
A415,PZ
A482,PZ
A519,PZ
A604,PZ
A612,PZ
A615,PZ
A666,PZ
A743,PZ
B173,PZ
B181,PZ
B440,PZ
B443,PZ
B549,PZ
B580,PZ
B743,PZ
B906,PZ
C120,PZ
C199,PZ
C201,PZ
C209,PZ
C271,PZ
C345,PZ
C539,PZ
C619,PZ
D010,PZ
D414,PZ
D497,PZ
D593,PZ
D696,PZ
D766,PZ
D876,PZ
D971,PZ
E221,PZ
E246,PZ
E409,PZ
E474,PZ
E482,PZ
E483,PZ
E493,PZ
E919,PZ
E976,PZ
E977,PZ
F006,PZ
F104,PZ
F249,PZ
F295,PZ
F568,PZ
F573,PZ
F817,PZ
F866,PZ
F917,PZ
G081,PZ
G261,PZ
G496,PZ
G590,PZ
G616,PZ
G623,PZ
G663,PZ
G942,PZ
H186,PZ
H187,PZ
H307,PZ
H312,PZ
H348,PZ
H426,PZ
H590,PZ
H641,PZ
H646,PZ
H795,PZ
H796,PZ
H808,PZ
H831,PZ
H994,PZ
I157,PZ
I288,PZ
I305,PZ
I426,PZ
I457,PZ
G614,PZ
H730,PZ
I610,PZ
I917,PZ
L082,PZ
L126,PZ
L181,PZ
L197,PZ
L326,PZ
L357,PZ
L439,PZ
L532,PZ
L738,PZ
L859,PZ
L873,PZ
L874,PZ
E033,PZ
M269,PZ
A017,MT
A196,MT
A801,MT
B391,MT
C723,MT
C888,MT
D128,MT
D547,MT
D909,MT
E093,MT
E147,MT
E213,MT
E326,MT
F052,MT
F201,MT
F399,MT
F637,MT
A942,MT
G037,MT
G712,MT
G786,MT
G806,MT
H591,MT
H687,MT
H888,MT
I029,MT
I954,MT
L418,MT
L477,MT
D513,MT
M256,MT
A033,CS
A041,CS
A053,CS
A102,CS
A105,CS
A160,CS
A183,CS
A234,CS
A240,CS
A253,CS
A263,CS
A340,CS
A762,CS
A768,CS
A773,CS
A842,CS
A887,CS
A912,CS
A973,CS
B270,CS
B424,CS
B426,CS
B500,CS
B607,CS
B774,CS
B802,CS
B813,CS
C002,CS
C301,CS
C108,CS
C348,CS
C349,CS
C430,CS
C437,CS
C489,CS
C515,CS
C554,CS
C560,CS
C588,CS
C763,CS
C795,CS
C905,CS
D086,CS
D180,CS
D184,CS
D289,CS
D304,CS
D328,CS
D464,CS
D473,CS
D582,CS
D614,CS
D624,CS
D764,CS
D774,CS
D828,CS
E180,CS
E185,CS
E242,CS
E407,CS
E417,CS
E419,CS
E450,CS
E475,CS
E677,CS
E678,CS
E745,CS
E773,CS
E835,CS
E859,CS
E872,CS
E878,CS
E888,CS
E914,CS
E915,CS
F001,CS
F125,CS
F370,CS
F416,CS
F519,CS
F708,CS
F735,CS
F775,CS
F907,CS
G110,CS
G129,CS
G298,CS
G307,CS
G317,CS
G320,CS
G331,CS
G372,CS
G411,CS
G553,CS
G615,CS
G622,CS
G733,CS
G975,CS
H235,CS
H416,CS
H488,CS
H490,CS
H565,CS
H572,CS
H585,CS
H621,CS
H765,CS
H774,CS
H806,CS
H818,CS
H825,CS
H841,CS
H877,CS
H881,CS
H919,CS
H961,CS
H962,CS
H971,CS
H981,CS
H992,CS
I060,CS
I108,CS
I114,CS
I165,CS
I171,CS
I183,CS
I192,CS
C717,CS
I309,CS
I359,CS
I388,CS
I423,CS
I485,CS
I489,CS
D290,CS
I642,CS
I895,CS
I896,CS
L055,CS
L124,CS
L134,CS
L206,CS
L305,CS
L353,CS
L524,CS
L747,CS
B903,CS
M202,CS
M385,CS
M403,CS
A155,CZ
A255,CZ
A257,CZ
A272,CZ
A397,CZ
A542,CZ
A736,CZ
B002,CZ
B085,CZ
B717,CZ
B758,CZ
B790,CZ
C352,CZ
C453,CZ
C472,CZ
C542,CZ
C616,CZ
C674,CZ
C960,CZ
D049,CZ
D181,CZ
D218,CZ
D257,CZ
D261,CZ
D476,CZ
D544,CZ
D744,CZ
D852,CZ
D932,CZ
E031,CZ
E050,CZ
E068,CZ
E239,CZ
E328,CZ
E274,CZ
E806,CZ
E834,CZ
E923,CZ
E925,CZ
E990,CZ
E991,CZ
F200,CZ
F432,CZ
F586,CZ
F780,CZ
F910,CZ
G034,CZ
G272,CZ
G439,CZ
G517,CZ
G518,CZ
D546,CZ
G734,CZ
H846,CZ
H976,CZ
I093,CZ
I095,CZ
I164,CZ
I170,CZ
I266,CZ
I393,CZ
I463,CZ
I589,CZ
I590,CZ
I655,CZ
I671,CZ
I704,CZ
I745,CZ
I844,CZ
I872,CZ
I874,CZ
I875,CZ
I929,CZ
I937,CZ
L070,CZ
L177,CZ
L240,CZ
I322,CZ
M140,CZ
M208,CZ
A065,RC
A077,RC
A303,RC
A314,RC
A385,RC
A544,RC
A552,RC
A780,RC
A843,RC
A897,RC
B097,RC
B098,RC
B099,RC
B118,RC
B234,RC
B379,RC
B481,RC
B516,RC
B591,RC
B617,RC
B718,RC
B756,RC
B766,RC
B966,RC
C285,RC
C695,RC
C710,RC
C747,RC
C954,RC
D089,RC
D268,RC
D545,RC
D557,RC
D619,RC
D864,RC
D975,RC
E025,RC
E041,RC
E044,RC
E212,RC
E402,RC
E479,RC
D976,RC
E873,RC
E956,RC
E968,RC
E993,RC
F105,RC
F106,RC
F112,RC
F301,RC
F324,RC
D746,RC
F779,RC
G082,RC
G277,RC
G288,RC
G394,RC
G729,RC
G735,RC
G791,RC
G905,RC
H224,RC
H265,RC
H359,RC
H408,RC
H456,RC
H489,RC
H558,RC
H013,RC
H889,RC
H903,RC
H959,RC
H970,RC
I102,RC
I132,RC
I139,RC
I176,RC
I198,RC
I214,RC
I333,RC
I341,RC
I371,RC
I536,RC
I537,RC
I600,RC
I656,RC
I725,RC
I753,RC
I936,RC
I955,RC
I956,RC
L063,RC
L127,RC
L673,RC
M018,RC
M277,RC
A176,TP
B288,TP
B385,TP
B521,TP
C130,TP
C286,TP
D234,TP
D423,TP
D518,TP
E023,TP
E974,TP
F061,TP
G208,TP
G315,TP
G347,TP
G767,TP
H688,TP
H700,TP
I291,TP
I407,TP
L331,TP
G319,TP
M081,TP
M281,TP
M432,TP
A195,PA
A202,PA
A203,PA
A229,PA
A239,PA
A546,PA
A592,PA
A719,PA
A764,PA
A882,PA
A946,PA
A958,PA
A991,PA
B315,PA
B430,PA
B533,PA
B532,PA
B535,PA
B556,PA
B645,PA
B780,PA
C067,PA
C074,PA
C135,PA
C344,PA
C420,PA
C421,PA
C496,PA
C654,PA
C696,PA
C708,PA
C871,PA
C968,PA
D009,PA
D567,PA
D907,PA
D977,PA
E013,PA
E055,PA
E074,PA
E149,PA
E337,PA
E350,PA
E459,PA
E541,PA
E957,PA
F184,PA
F246,PA
F377,PA
F544,PA
F553,PA
G263,PA
G273,PA
G348,PA
G510,PA
G511,PA
G543,PA
G792,PA
G797,PA
H070,PA
H422,PA
H428,PA
H797,PA
H933,PA
I028,PA
I174,PA
I188,PA
I534,PA
I541,PA
L112,PA
L131,PA
L282,PA
L317,PA
L332,PA
L519,PA
L603,PA
L740,PA
L837,PA
L916,PA
L951,PA
I538,PA
M268,PA
A177,ME
A194,ME
A201,ME
A313,ME
A638,ME
A698,ME
B198,ME
B660,ME
B666,ME
B695,ME
B804,ME
B918,ME
C094,ME
C051,ME
C210,ME
C347,ME
C568,ME
C956,ME
D474,ME
D569,ME
D622,ME
D635,ME
D661,ME
D733,ME
D765,ME
D793,ME
D824,ME
D825,ME
D844,ME
D861,ME
D885,ME
E014,ME
E043,ME
E142,ME
E233,ME
E374,ME
E523,ME
E555,ME
E571,ME
E594,ME
E606,ME
E674,ME
E855,ME
E869,ME
E876,ME
F066,ME
F147,ME
F158,ME
F206,ME
F210,ME
F242,ME
F251,ME
F277,ME
F359,ME
F368,ME
F395,ME
F400,ME
F772,ME
F773,ME
F848,ME
F901,ME
F951,ME
G036,ME
G209,ME
G234,ME
G377,ME
G522,ME
G699,ME
H151,ME
H228,ME
H405,ME
H418,ME
H380,ME
H455,ME
H479,ME
H519,ME
H842,ME
H850,ME
H982,ME
I084,ME
I086,ME
I147,ME
I184,ME
I199,ME
I215,ME
I220,ME
I254,ME
I283,ME
I311,ME
I328,ME
I370,ME
I420,ME
I477,ME
I492,ME
I747,ME
I881,ME
L042,ME
L271,ME
L308,ME
L431,ME
L478,ME
L482,ME
L561,ME
L735,ME
L950,ME
M210,ME
M211,ME
M286,ME
A089,AG
A181,AG
A351,AG
A896,AG
B275,AG
B377,AG
B427,AG
B460,AG
B486,AG
B520,AG
B602,AG
C275,AG
C341,AG
C356,AG
C668,AG
C928,AG
D514,AG
E209,AG
E390,AG
E431,AG
E573,AG
E714,AG
F126,AG
F414,AG
F655,AG
F845,AG
G282,AG
F299,AG
H148,AG
H159,AG
H194,AG
H205,AG
H269,AG
H743,AG
H778,AG
H914,AG
I185,AG
I224,AG
I290,AG
I356,AG
I533,AG
I723,AG
L944,AG
A049,CL
A957,CL
B302,CL
B429,CL
B537,CL
D267,CL
D960,CL
E953,CL
F065,CL
E618,CL
F489,CL
F830,CL
F899,CL
H245,CL
H281,CL
H792,CL
I169,CL
I644,CL
I824,CL
L016,CL
L609,CL
L959,CL
A070,EN
A098,EN
A478,EN
A676,EN
B381,EN
C353,EN
C471,EN
C480,EN
C342,EN
D849,EN
E536,EN
F892,EN
F900,EN
G580,EN
G624,EN
H221,EN
I891,EN
L448,EN
L583,EN
M011,EN
A025,CT
A026,CT
A027,CT
A028,CT
A029,CT
A056,CT
A766,CT
A841,CT
B202,CT
B384,CT
B428,CT
B561,CT
C091,CT
C297,CT
C351,CT
D623,CT
E017,CT
E133,CT
E156,CT
E578,CT
E602,CT
E854,CT
F004,CT
F005,CT
F209,CT
F214,CT
F217,CT
F231,CT
F250,CT
F781,CT
F890,CT
G253,CT
G371,CT
G402,CT
G597,CT
H154,CT
H168,CT
H175,CT
H325,CT
H805,CT
H922,CT
H940,CT
I035,CT
I098,CT
I202,CT
I216,CT
I240,CT
I314,CT
I548,CT
L355,CT
L369,CT
L658,CT
L828,CT
M100,CT
M139,CT
M271,CT
M283,CT
M287,CT
A014,RG
C612,RG
C927,RG
E016,RG
E366,RG
F258,RG
F610,RG
G953,RG
H163,RG
I178,RG
I535,RG
M088,RG
A494,SR
A522,SR
B237,SR
B287,SR
B603,SR
B787,SR
C006,SR
D540,SR
D636,SR
D768,SR
E532,SR
F107,SR
F943,SR
G211,SR
G267,SR
H574,SR
I754,SR
I785,SR
I864,SR
M257,SR
M279,SR
A069,SS
A115,SS
A192,SS
A287,SS
A379,SS
A453,SS
A606,SS
A781,SS
A789,SS
A827,SS
A976,SS
A977,SS
A978,SS
B063,SS
B064,SS
B094,SS
B246,SS
B264,SS
B265,SS
B276,SS
B378,SS
B772,SS
C272,SS
C600,SS
C613,SS
C818,SS
D100,SS
D441,SS
D637,SS
E019,SS
E285,SS
E376,SS
E377,SS
E401,SS
E425,SS
E747,SS
E752,SS
E902,SS
E992,SS
F542,SS
F667,SS
F721,SS
F818,SS
F975,SS
F976,SS
F977,SS
G015,SS
G046,SS
G153,SS
G156,SS
G178,SS
G203,SS
G225,SS
G258,SS
G376,SS
G450,SS
G740,SS
G924,SS
G962,SS
H095,SS
H507,SS
H848,SS
I312,SS
I452,SS
I565,SS
I598,SS
I614,SS
I732,SS
I863,SS
L093,SS
L158,SS
L180,SS
L235,SS
L428,SS
L464,SS
L503,SS
L509,SS
L989,SS
L604,SS
L088,SS
M214,SS
M259,SS
M274,SS
M275,SS
M276,SS
M282,SS
M284,SS
M292,SS
M290,SS
M301,SS
B248,SS
I329,SS
A407,NU
A454,NU
A492,NU
A503,NU
A663,NU
A722,NU
A776,NU
A880,NU
A895,NU
A948,NU
B056,NU
B062,NU
D287,NU
D345,NU
D376,NU
D395,NU
D665,NU
D842,NU
D859,NU
D888,NU
D947,NU
E049,NU
E283,NU
E323,NU
E387,NU
E441,NU
E517,NU
E644,NU
E646,NU
E647,NU
E700,NU
E736,NU
E788,NU
E874,NU
F073,NU
F933,NU
F979,NU
G031,NU
G044,NU
G058,NU
G064,NU
G070,NU
G071,NU
G084,NU
G097,NU
G119,NU
G120,NU
G146,NU
G147,NU
G154,NU
G158,NU
G191,NU
G201,NU
G445,NU
G929,NU
I448,NU
I730,NU
I748,NU
I751,NU
I851,NU
L036,NU
L140,NU
L153,NU
L160,NU
L202,NU
L231,NU
A355,NU
L423,NU
L489,NU
L506,NU
L514,NU
L953,NU
M285,NU
E649,NU
A474,CA
B354,CA
B675,CA
D259,CA
E903,CA
H088,CA
H118,CA
I443,CA
I580,CA
I695,CA
I699,CA
I752,CA
L521,CA
I118,CA
H119,CA
D399,CA
F383,CA
A283,PN
A354,PN
A516,PN
A530,PN
A640,PN
B215,PN
B247,PN
B598,PN
B940,PN
C217,PN
C385,PN
C640,PN
C699,PN
C790,PN
C791,PN
C991,PN
C993,PN
D426,PN
D487,PN
D621,PN
D670,PN
D804,PN
E889,PN
F089,PN
F596,PN
F750,PN
G353,PN
G680,PN
G780,PN
G886,PN
G888,PN
G994,PN
H010,PN
H609,PN
H657,PN
H891,PN
H999,PN
I136,PN
I403,PN
I621,PN
I686,PN
I904,PN
L324,PN
L325,PN
L347,PN
M085,PN
M096,PN
M190,PN
M265,PN
M346,PN
A051,IS
A080,IS
A567,IS
A761,IS
B630,IS
B682,IS
B810,IS
B830,IS
C082,IS
C246,IS
C247,IS
C270,IS
C200,IS
C534,IS
C620,IS
C769,IS
C878,IS
C941,IS
D595,IS
D703,IS
D715,IS
D811,IS
E335,IS
E669,IS
E778,IS
E779,IS
F239,IS
F429,IS
F580,IS
F601,IS
G486,IS
G495,IS
G497,IS
G523,IS
G606,IS
G727,IS
B317,IS
G954,IS
H308,IS
H420,IS
H445,IS
H458,IS
I096,IS
I189,IS
I238,IS
I282,IS
B466,IS
I507,IS
I679,IS
I682,IS
L696,IS
L725,IS
A007,OR
A097,OR
A126,OR
A180,OR
A204,OR
A357,OR
A380,OR
A477,OR
A480,OR
A614,OR
A621,OR
A655,OR
A721,OR
A856,OR
A960,OR
B055,OR
B281,OR
B314,OR
D200,OR
D695,OR
E004,OR
E087,OR
D585,OR
E088,OR
E972,OR
F050,OR
F208,OR
F270,OR
F272,OR
F727,OR
F840,OR
F867,OR
F934,OR
F974,OR
F980,OR
F985,OR
G043,OR
G113,OR
G286,OR
G379,OR
G384,OR
G817,OR
H301,OR
F271,OR
H756,OR
A368,OR
I205,OR
I298,OR
I374,OR
I384,OR
I503,OR
I564,OR
I605,OR
I609,OR
I613,OR
I717,OR
I718,OR
I742,OR
I743,OR
I749,OR
I757,OR
I791,OR
I861,OR
L023,OR
L122,OR
L321,OR
L393,OR
L488,OR
L496,OR
L508,OR
L991,OR
M030,OR
A609,OR
M153,OR
M168,OR
I721,OR
D214,OR
I778,OR
B068,OR
D640,OR
E400,OR
E825,OR
F261,OR
F698,OR
H661,OR
L006,OR
L172,OR
A107,BI
A280,BI
A784,BI
A859,BI
A876,BI
B058,BI
B229,BI
B417,BI
B457,BI
B465,BI
B586,BI
B708,BI
B933,BI
C155,BI
C363,BI
C532,BI
C819,BI
D094,BI
D165,BI
D219,BI
D339,BI
D350,BI
D848,BI
E024,BI
E130,BI
E821,BI
F037,BI
F042,BI
F167,BI
F189,BI
F369,BI
F776,BI
F833,BI
F878,BI
F992,BI
F993,BI
G521,BI
G577,BI
G594,BI
G798,BI
G820,BI
G927,BI
G980,BI
G974,BI
H538,BI
H553,BI
H561,BI
H662,BI
H681,BI
H726,BI
H821,BI
I847,BI
I868,BI
I980,BI
L075,BI
L116,BI
L193,BI
L239,BI
L556,BI
L586,BI
L620,BI
L712,BI
L785,BI
L880,BI
L933,BI
L978,BI
M098,BI
M179,BI
M196,BI
M201,BI
M371,BI
M373,BI
M414,BI
M417,BI
A005,LC
A112,LC
A301,LC
A594,LC
A683,LC
A686,LC
A687,LC
A745,LC
B081,LC
B194,LC
B261,LC
B396,LC
B423,LC
B763,LC
B937,LC
B943,LC
B996,LC
C024,LC
C187,LC
C521,LC
C563,LC
C752,LC
C839,LC
C851,LC
D065,LC
D112,LC
D131,LC
D143,LC
D145,LC
D280,LC
D327,LC
D346,LC
D398,LC
D428,LC
D436,LC
D865,LC
D913,LC
D926,LC
E287,LC
E305,LC
E507,LC
E581,LC
E656,LC
E858,LC
E879,LC
E947,LC
F133,LC
F248,LC
F265,LC
F304,LC
F561,LC
F657,LC
F674,LC
F758,LC
F887,LC
G009,LC
G026,LC
G030,LC
G040,LC
G161,LC
G218,LC
G241,LC
G336,LC
G368,LC
G456,LC
G485,LC
H028,LC
H063,LC
G223,LC
H486,LC
I243,LC
I759,LC
I761,LC
I994,LC
I996,LC
L022,LC
L581,LC
L634,LC
L680,LC
L751,LC
L866,LC
M337,LC
M348,LC
M395,LC
A004,LO
A811,LO
A919,LO
A995,LO
B017,LO
B141,LO
B887,LO
B899,LO
B910,LO
B961,LO
B958,LO
C228,LO
C304,LO
C329,LO
C394,LO
C555,LO
C816,LO
C917,LO
D021,LO
D028,LO
D029,LO
D068,LO
D159,LO
D660,LO
D868,LO
E127,LO
E238,LO
E627,LO
E648,LO
E651,LO
E777,LO
E840,LO
E852,LO
E994,LO
F028,LO
F102,LO
F149,LO
F423,LO
F801,LO
G107,LO
G166,LO
G171,LO
G096,LO
H701,LO
H844,LO
I012,LO
I140,LO
I274,LO
I362,LO
I561,LO
I612,LO
I815,LO
I848,LO
F260,LO
L125,LO
L469,LO
L572,LO
L977,LO
M158,LO
M393,LO
A747,RN
C357,RN
D004,RN
D961,RN
F244,RN
F346,RN
F502,RN
F523,RN
F715,RN
H274,RN
H294,RN
H724,RN
H801,RN
H921,RN
I304,RN
L797,RN
C080,RN
E838,RN
F137,RN
G433,RN
H949,RN
I201,RN
L034,RN
M324,RN
M368,RN
F478,RN
I460,RN
B626,PO
B794,PO
F572,PO
G754,PO
G999,PO
L537,PO
L775,PO
A772,KR
B319,KR
B771,KR
B857,KR
B968,KR
C501,KR
C725,KR
C726,KR
D123,KR
D122,KR
D189,KR
D236,KR
E339,KR
F108,KR
F157,KR
G278,KR
G508,KR
H383,KR
H403,KR
I026,KR
I057,KR
I308,KR
I468,KR
I494,KR
I982,KR
L492,KR
L802,KR
A043,VV
A386,VV
B169,VV
B197,VV
B655,VV
C581,VV
D253,VV
D303,VV
D364,VV
D453,VV
D587,VV
D589,VV
D596,VV
D762,VV
D767,VV
D988,VV
E321,VV
E389,VV
E590,VV
E836,VV
F207,VV
F364,VV
F607,VV
F843,VV
F893,VV
G335,VV
G722,VV
G728,VV
G785,VV
H271,VV
H516,VV
H785,VV
H807,VV
H941,VV
I058,VV
I350,VV
I639,VV
I744,VV
I853,VV
I854,VV
I884,VV
I905,VV
I945,VV
L452,VV
L607,VV
L699,VV
F537,VV
M138,VV
M143,VV
M204,VV
A317,VB
A325,VB
A409,VB
A427,VB
A497,VB
A534,VB
A610,VB
A725,VB
A733,VB
A742,VB
A834,VB
A925,VB
B207,VB
B380,VB
B463,VB
B610,VB
B615,VB
B694,VB
B876,VB
C478,VB
C567,VB
D099,VB
D134,VB
D168,VB
D177,VB
D332,VB
D374,VB
D706,VB
D984,VB
E003,VB
E028,VB
E153,VB
E269,VB
E304,VB
E685,VB
E790,VB
E795,VB
E853,VB
F010,VB
F048,VB
F146,VB
F192,VB
F483,VB
F639,VB
F932,VB
G007,VB
G062,VB
G117,VB
G280,VB
G600,VB
G658,VB
H030,VB
H033,VB
H037,VB
H106,VB
H107,VB
H203,VB
H777,VB
I249,VB
I976,VB
L187,VB
L333,VB
L336,VB
L450,VB
L651,VB
L666,VB
L691,VB
L746,VB
L889,VB
L906,VB
M042,VB
M111,VB
M370,VB
M404,VB
A087,MB
A096,MB
A159,MB
A376,MB
A668,MB
A759,MB
A802,MB
A818,MB
A849,MB
B105,MB
B187,MB
B212,MB
B272,MB
B501,MB
B729,MB
B798,MB
C395,MB
C512,MB
C566,MB
C820,MB
C952,MB
D038,MB
D286,MB
E063,MB
E504,MB
E550,MB
E591,MB
E617,MB
E786,MB
F078,MB
F165,MB
F247,MB
F704,MB
F797,MB
F944,MB
G116,MB
H233,MB
H537,MB
I625,MB
I709,MB
I878,MB
I998,MB
L434,MB
L511,MB
L677,MB
L704,MB
L709,MB
L744,MB
M017,MB
M052,MB
B289,MB
B671,MB
D019,MB
E530,MB
H529,MB
A233,FM
A252,FM
A760,FM
B534,FM
D477,FM
D542,FM
D760,FM
E208,FM
E447,FM
E807,FM
F021,FM
F379,FM
F428,FM
F493,FM
F509,FM
F517,FM
F520,FM
F522,FM
F536,FM
F549,FM
F599,FM
F614,FM
F626,FM
F653,FM
F664,FM
F665,FM
F697,FM
F722,FM
G137,FM
G403,FM
G516,FM
G873,FM
G920,FM
G921,FM
H182,FM
I315,FM
I324,FM
C070,FM
I774,FM
L279,FM
A285,BT
A669,BT
A883,BT
B619,BT
E946,BT
F220,BT
H839,BT
I907,BT
L328,BT
B915,BT
A359,SU
A419,SU
A597,SU
A677,SU
A681,SU
B250,SU
B274,SU
B383,SU
B745,SU
B789,SU
M288,SU
C882,SU
D260,SU
D323,SU
D333,SU
D334,SU
D344,SU
D430,SU
D431,SU
D443,SU
D639,SU
D827,SU
D968,SU
D970,SU
D982,SU
D994,SU
D997,SU
E022,SU
E084,SU
E086,SU
E085,SU
E234,SU
E252,SU
E270,SU
E281,SU
E336,SU
E464,SU
E742,SU
E877,SU
M270,SU
F333,SU
F808,SU
F822,SU
F841,SU
F981,SU
F982,SU
F983,SU
F986,SU
F991,SU
G122,SU
G133,SU
G207,SU
G382,SU
G446,SU
G669,SU
M291,SU
G922,SU
H659,SU
H738,SU
H739,SU
H766,SU
H856,SU
G287,SU
G383,SU
I166,SU
I402,SU
H974,SU
I182,SU
I271,SU
M209,SU
I294,SU
I428,SU
I570,SU
I582,SU
I615,SU
I624,SU
I647,SU
I667,SU
I668,SU
I705,SU
I706,SU
I707,SU
I724,SU
I734,SU
I735,SU
I765,SU
I797,SU
I995,SU
L154,SU
L337,SU
L463,SU
L473,SU
L512,SU
L513,SU
L613,SU
L924,SU
L966,SU
L968,SU
L992,SU
L986,SU
L987,SU
M278,SU
L998,SU
M016,SU
B738,SU
M025,SU
M026,SU
